ISO-10303-21;
HEADER;
FILE_DESCRIPTION(('FreeCAD Model'),'2;1');
FILE_NAME('Open CASCADE Shape Model','2026-04-24T15:23:06',('Author'),(
    ''),'Open CASCADE STEP processor 7.8','FreeCAD','Unknown');
FILE_SCHEMA(('AUTOMOTIVE_DESIGN { 1 0 10303 214 1 1 1 1 }'));
ENDSEC;
DATA;
#1 = APPLICATION_PROTOCOL_DEFINITION('international standard',
  'automotive_design',2000,#2);
#2 = APPLICATION_CONTEXT(
  'core data for automotive mechanical design processes');
#3 = SHAPE_DEFINITION_REPRESENTATION(#4,#10);
#4 = PRODUCT_DEFINITION_SHAPE('','',#5);
#5 = PRODUCT_DEFINITION('design','',#6,#9);
#6 = PRODUCT_DEFINITION_FORMATION('','',#7);
#7 = PRODUCT('Těleso','Těleso','',(#8));
#8 = PRODUCT_CONTEXT('',#2,'mechanical');
#9 = PRODUCT_DEFINITION_CONTEXT('part definition',#2,'design');
#10 = ADVANCED_BREP_SHAPE_REPRESENTATION('',(#11,#15),#4402);
#11 = AXIS2_PLACEMENT_3D('',#12,#13,#14);
#12 = CARTESIAN_POINT('',(0.,0.,0.));
#13 = DIRECTION('',(0.,0.,1.));
#14 = DIRECTION('',(1.,0.,-0.));
#15 = MANIFOLD_SOLID_BREP('',#16);
#16 = CLOSED_SHELL('',(#17,#77,#101,#125,#190,#290,#396,#436,#469,#516,
    #615,#769,#786,#810,#957,#974,#999,#1024,#1049,#1087,#1118,#1135,
    #1186,#1211,#1259,#1276,#1293,#1389,#1596,#1621,#1645,#1663,#1688,
    #1988,#2012,#2030,#2061,#2078,#2095,#2146,#2171,#2219,#2231,#2248,
    #2265,#2315,#2332,#2509,#2534,#2551,#2572,#2589,#2614,#2643,#2655,
    #2694,#2711,#2745,#2771,#2799,#2811,#2828,#2845,#2862,#2880,#2897,
    #2919,#2936,#2953,#2970,#2987,#3004,#3021,#3033,#3050,#3067,#3084,
    #3101,#3118,#3135,#3152,#3169,#3194,#3219,#3244,#3276,#3300,#3324,
    #3342,#3374,#3398,#3422,#3440,#3465,#3497,#3521,#3545,#3563,#3595,
    #3619,#3643,#3661,#3686,#3711,#3736,#3761,#3786,#3811,#3836,#3861,
    #3878,#3896,#3935,#3952,#3986,#4003,#4109,#4126,#4143,#4160,#4177,
    #4241,#4265,#4322,#4339,#4351,#4368,#4385));
#17 = ADVANCED_FACE('',(#18),#72,.T.);
#18 = FACE_BOUND('',#19,.F.);
#19 = EDGE_LOOP('',(#20,#31,#40,#48,#57,#66));
#20 = ORIENTED_EDGE('',*,*,#21,.T.);
#21 = EDGE_CURVE('',#22,#24,#26,.T.);
#22 = VERTEX_POINT('',#23);
#23 = CARTESIAN_POINT('',(-174.25,-96.48648782808,50.));
#24 = VERTEX_POINT('',#25);
#25 = CARTESIAN_POINT('',(-174.25,-95.48648782808,51.732050807569));
#26 = CIRCLE('',#27,2.);
#27 = AXIS2_PLACEMENT_3D('',#28,#29,#30);
#28 = CARTESIAN_POINT('',(-174.25,-94.48648782808,50.));
#29 = DIRECTION('',(-1.,0.,0.));
#30 = DIRECTION('',(0.,-1.,0.));
#31 = ORIENTED_EDGE('',*,*,#32,.T.);
#32 = EDGE_CURVE('',#24,#33,#35,.T.);
#33 = VERTEX_POINT('',#34);
#34 = CARTESIAN_POINT('',(-174.25,-94.48648782808,52.));
#35 = CIRCLE('',#36,2.);
#36 = AXIS2_PLACEMENT_3D('',#37,#38,#39);
#37 = CARTESIAN_POINT('',(-174.25,-94.48648782808,50.));
#38 = DIRECTION('',(-1.,0.,0.));
#39 = DIRECTION('',(0.,-1.,0.));
#40 = ORIENTED_EDGE('',*,*,#41,.T.);
#41 = EDGE_CURVE('',#33,#42,#44,.T.);
#42 = VERTEX_POINT('',#43);
#43 = CARTESIAN_POINT('',(174.25,-94.48648782808,52.));
#44 = LINE('',#45,#46);
#45 = CARTESIAN_POINT('',(-174.25,-94.48648782808,52.));
#46 = VECTOR('',#47,1.);
#47 = DIRECTION('',(1.,0.,0.));
#48 = ORIENTED_EDGE('',*,*,#49,.F.);
#49 = EDGE_CURVE('',#50,#42,#52,.T.);
#50 = VERTEX_POINT('',#51);
#51 = CARTESIAN_POINT('',(174.25,-95.48648782808,51.732050807569));
#52 = CIRCLE('',#53,2.);
#53 = AXIS2_PLACEMENT_3D('',#54,#55,#56);
#54 = CARTESIAN_POINT('',(174.25,-94.48648782808,50.));
#55 = DIRECTION('',(-1.,0.,0.));
#56 = DIRECTION('',(0.,-1.,0.));
#57 = ORIENTED_EDGE('',*,*,#58,.F.);
#58 = EDGE_CURVE('',#59,#50,#61,.T.);
#59 = VERTEX_POINT('',#60);
#60 = CARTESIAN_POINT('',(174.25,-96.48648782808,50.));
#61 = CIRCLE('',#62,2.);
#62 = AXIS2_PLACEMENT_3D('',#63,#64,#65);
#63 = CARTESIAN_POINT('',(174.25,-94.48648782808,50.));
#64 = DIRECTION('',(-1.,0.,0.));
#65 = DIRECTION('',(0.,-1.,0.));
#66 = ORIENTED_EDGE('',*,*,#67,.F.);
#67 = EDGE_CURVE('',#22,#59,#68,.T.);
#68 = LINE('',#69,#70);
#69 = CARTESIAN_POINT('',(-174.25,-96.48648782808,50.));
#70 = VECTOR('',#71,1.);
#71 = DIRECTION('',(1.,0.,0.));
#72 = CYLINDRICAL_SURFACE('',#73,2.);
#73 = AXIS2_PLACEMENT_3D('',#74,#75,#76);
#74 = CARTESIAN_POINT('',(-174.25,-94.48648782808,50.));
#75 = DIRECTION('',(1.,0.,0.));
#76 = DIRECTION('',(0.,-1.,0.));
#77 = ADVANCED_FACE('',(#78),#96,.T.);
#78 = FACE_BOUND('',#79,.T.);
#79 = EDGE_LOOP('',(#80,#81,#82,#90));
#80 = ORIENTED_EDGE('',*,*,#21,.T.);
#81 = ORIENTED_EDGE('',*,*,#32,.T.);
#82 = ORIENTED_EDGE('',*,*,#83,.T.);
#83 = EDGE_CURVE('',#33,#84,#86,.T.);
#84 = VERTEX_POINT('',#85);
#85 = CARTESIAN_POINT('',(-174.25,-96.48648782808,52.));
#86 = LINE('',#87,#88);
#87 = CARTESIAN_POINT('',(-174.25,96.486487828081,52.));
#88 = VECTOR('',#89,1.);
#89 = DIRECTION('',(0.,-1.,0.));
#90 = ORIENTED_EDGE('',*,*,#91,.T.);
#91 = EDGE_CURVE('',#84,#22,#92,.T.);
#92 = LINE('',#93,#94);
#93 = CARTESIAN_POINT('',(-174.25,-96.48648782808,52.));
#94 = VECTOR('',#95,1.);
#95 = DIRECTION('',(1.110223024625E-16,0.,-1.));
#96 = PLANE('',#97);
#97 = AXIS2_PLACEMENT_3D('',#98,#99,#100);
#98 = CARTESIAN_POINT('',(-174.25,-95.88141428023,51.397264806991));
#99 = DIRECTION('',(1.,0.,0.));
#100 = DIRECTION('',(0.,0.,1.));
#101 = ADVANCED_FACE('',(#102),#120,.T.);
#102 = FACE_BOUND('',#103,.T.);
#103 = EDGE_LOOP('',(#104,#105,#113,#119));
#104 = ORIENTED_EDGE('',*,*,#58,.F.);
#105 = ORIENTED_EDGE('',*,*,#106,.T.);
#106 = EDGE_CURVE('',#59,#107,#109,.T.);
#107 = VERTEX_POINT('',#108);
#108 = CARTESIAN_POINT('',(174.25,-96.48648782808,52.));
#109 = LINE('',#110,#111);
#110 = CARTESIAN_POINT('',(174.25,-96.48648782808,2.));
#111 = VECTOR('',#112,1.);
#112 = DIRECTION('',(1.110223024625E-16,0.,1.));
#113 = ORIENTED_EDGE('',*,*,#114,.T.);
#114 = EDGE_CURVE('',#107,#42,#115,.T.);
#115 = LINE('',#116,#117);
#116 = CARTESIAN_POINT('',(174.25,-96.48648782808,52.));
#117 = VECTOR('',#118,1.);
#118 = DIRECTION('',(0.,1.,0.));
#119 = ORIENTED_EDGE('',*,*,#49,.F.);
#120 = PLANE('',#121);
#121 = AXIS2_PLACEMENT_3D('',#122,#123,#124);
#122 = CARTESIAN_POINT('',(174.25,-95.88141428023,51.397264806991));
#123 = DIRECTION('',(-1.,1.462547078249E-14,-1.210884167887E-14));
#124 = DIRECTION('',(-1.462547078249E-14,-1.,0.));
#125 = ADVANCED_FACE('',(#126),#185,.T.);
#126 = FACE_BOUND('',#127,.T.);
#127 = EDGE_LOOP('',(#128,#129,#130,#138,#146,#154,#162,#170,#178,#184)
  );
#128 = ORIENTED_EDGE('',*,*,#67,.F.);
#129 = ORIENTED_EDGE('',*,*,#91,.F.);
#130 = ORIENTED_EDGE('',*,*,#131,.T.);
#131 = EDGE_CURVE('',#84,#132,#134,.T.);
#132 = VERTEX_POINT('',#133);
#133 = CARTESIAN_POINT('',(-175.25,-96.48648782808,52.));
#134 = LINE('',#135,#136);
#135 = CARTESIAN_POINT('',(-174.25,-96.48648782808,52.));
#136 = VECTOR('',#137,1.);
#137 = DIRECTION('',(-1.,0.,-1.110223024625E-16));
#138 = ORIENTED_EDGE('',*,*,#139,.T.);
#139 = EDGE_CURVE('',#132,#140,#142,.T.);
#140 = VERTEX_POINT('',#141);
#141 = CARTESIAN_POINT('',(-175.25,-96.48648782808,2.));
#142 = LINE('',#143,#144);
#143 = CARTESIAN_POINT('',(-175.25,-96.48648782808,52.));
#144 = VECTOR('',#145,1.);
#145 = DIRECTION('',(1.110223024625E-16,0.,-1.));
#146 = ORIENTED_EDGE('',*,*,#147,.T.);
#147 = EDGE_CURVE('',#140,#148,#150,.T.);
#148 = VERTEX_POINT('',#149);
#149 = CARTESIAN_POINT('',(-173.25,-96.48648782808,2.));
#150 = LINE('',#151,#152);
#151 = CARTESIAN_POINT('',(-175.25,-96.48648782808,2.));
#152 = VECTOR('',#153,1.);
#153 = DIRECTION('',(1.,0.,1.110223024625E-16));
#154 = ORIENTED_EDGE('',*,*,#155,.T.);
#155 = EDGE_CURVE('',#148,#156,#158,.T.);
#156 = VERTEX_POINT('',#157);
#157 = CARTESIAN_POINT('',(173.25,-96.48648782808,2.));
#158 = LINE('',#159,#160);
#159 = CARTESIAN_POINT('',(-173.25,-96.48648782808,2.));
#160 = VECTOR('',#161,1.);
#161 = DIRECTION('',(1.,0.,0.));
#162 = ORIENTED_EDGE('',*,*,#163,.F.);
#163 = EDGE_CURVE('',#164,#156,#166,.T.);
#164 = VERTEX_POINT('',#165);
#165 = CARTESIAN_POINT('',(175.25,-96.48648782808,2.));
#166 = LINE('',#167,#168);
#167 = CARTESIAN_POINT('',(174.25,-96.48648782808,2.));
#168 = VECTOR('',#169,1.);
#169 = DIRECTION('',(-1.,0.,0.));
#170 = ORIENTED_EDGE('',*,*,#171,.T.);
#171 = EDGE_CURVE('',#164,#172,#174,.T.);
#172 = VERTEX_POINT('',#173);
#173 = CARTESIAN_POINT('',(175.25,-96.48648782808,52.));
#174 = LINE('',#175,#176);
#175 = CARTESIAN_POINT('',(175.25,-96.48648782808,2.));
#176 = VECTOR('',#177,1.);
#177 = DIRECTION('',(1.110223024625E-16,0.,1.));
#178 = ORIENTED_EDGE('',*,*,#179,.F.);
#179 = EDGE_CURVE('',#107,#172,#180,.T.);
#180 = LINE('',#181,#182);
#181 = CARTESIAN_POINT('',(174.25,-96.48648782808,52.));
#182 = VECTOR('',#183,1.);
#183 = DIRECTION('',(1.,0.,-1.110223024625E-16));
#184 = ORIENTED_EDGE('',*,*,#106,.F.);
#185 = PLANE('',#186);
#186 = AXIS2_PLACEMENT_3D('',#187,#188,#189);
#187 = CARTESIAN_POINT('',(4.519228331791E-15,-96.48648782808,
    26.253416149068));
#188 = DIRECTION('',(-0.,-1.,-2.587683223121E-16));
#189 = DIRECTION('',(0.,2.587683223121E-16,-1.));
#190 = ADVANCED_FACE('',(#191,#252,#263,#274),#285,.T.);
#191 = FACE_BOUND('',#192,.T.);
#192 = EDGE_LOOP('',(#193,#203,#211,#217,#218,#219,#220,#221,#222,#230,
    #238,#246));
#193 = ORIENTED_EDGE('',*,*,#194,.F.);
#194 = EDGE_CURVE('',#195,#197,#199,.T.);
#195 = VERTEX_POINT('',#196);
#196 = CARTESIAN_POINT('',(-174.25,-77.28648782808,52.));
#197 = VERTEX_POINT('',#198);
#198 = CARTESIAN_POINT('',(-174.25,-79.48648782808,52.));
#199 = LINE('',#200,#201);
#200 = CARTESIAN_POINT('',(-174.25,96.486487828081,52.));
#201 = VECTOR('',#202,1.);
#202 = DIRECTION('',(0.,-1.,0.));
#203 = ORIENTED_EDGE('',*,*,#204,.T.);
#204 = EDGE_CURVE('',#195,#205,#207,.T.);
#205 = VERTEX_POINT('',#206);
#206 = CARTESIAN_POINT('',(-175.25,-77.28648782808,52.));
#207 = LINE('',#208,#209);
#208 = CARTESIAN_POINT('',(-174.25,-77.28648782808,52.));
#209 = VECTOR('',#210,1.);
#210 = DIRECTION('',(-1.,0.,0.));
#211 = ORIENTED_EDGE('',*,*,#212,.T.);
#212 = EDGE_CURVE('',#205,#132,#213,.T.);
#213 = LINE('',#214,#215);
#214 = CARTESIAN_POINT('',(-175.25,96.486487828081,52.));
#215 = VECTOR('',#216,1.);
#216 = DIRECTION('',(0.,-1.,0.));
#217 = ORIENTED_EDGE('',*,*,#131,.F.);
#218 = ORIENTED_EDGE('',*,*,#83,.F.);
#219 = ORIENTED_EDGE('',*,*,#41,.T.);
#220 = ORIENTED_EDGE('',*,*,#114,.F.);
#221 = ORIENTED_EDGE('',*,*,#179,.T.);
#222 = ORIENTED_EDGE('',*,*,#223,.T.);
#223 = EDGE_CURVE('',#172,#224,#226,.T.);
#224 = VERTEX_POINT('',#225);
#225 = CARTESIAN_POINT('',(175.25,-77.28648782808,52.));
#226 = LINE('',#227,#228);
#227 = CARTESIAN_POINT('',(175.25,-96.48648782808,52.));
#228 = VECTOR('',#229,1.);
#229 = DIRECTION('',(0.,1.,0.));
#230 = ORIENTED_EDGE('',*,*,#231,.F.);
#231 = EDGE_CURVE('',#232,#224,#234,.T.);
#232 = VERTEX_POINT('',#233);
#233 = CARTESIAN_POINT('',(174.25,-77.28648782808,52.));
#234 = LINE('',#235,#236);
#235 = CARTESIAN_POINT('',(174.25,-77.28648782808,52.));
#236 = VECTOR('',#237,1.);
#237 = DIRECTION('',(1.,0.,0.));
#238 = ORIENTED_EDGE('',*,*,#239,.F.);
#239 = EDGE_CURVE('',#240,#232,#242,.T.);
#240 = VERTEX_POINT('',#241);
#241 = CARTESIAN_POINT('',(174.25,-79.48648782808,52.));
#242 = LINE('',#243,#244);
#243 = CARTESIAN_POINT('',(174.25,-96.48648782808,52.));
#244 = VECTOR('',#245,1.);
#245 = DIRECTION('',(0.,1.,0.));
#246 = ORIENTED_EDGE('',*,*,#247,.F.);
#247 = EDGE_CURVE('',#197,#240,#248,.T.);
#248 = LINE('',#249,#250);
#249 = CARTESIAN_POINT('',(-174.25,-79.48648782808,52.));
#250 = VECTOR('',#251,1.);
#251 = DIRECTION('',(1.,0.,0.));
#252 = FACE_BOUND('',#253,.T.);
#253 = EDGE_LOOP('',(#254));
#254 = ORIENTED_EDGE('',*,*,#255,.F.);
#255 = EDGE_CURVE('',#256,#256,#258,.T.);
#256 = VERTEX_POINT('',#257);
#257 = CARTESIAN_POINT('',(-164.25,-88.,52.));
#258 = CIRCLE('',#259,2.5);
#259 = AXIS2_PLACEMENT_3D('',#260,#261,#262);
#260 = CARTESIAN_POINT('',(-166.75,-88.,52.));
#261 = DIRECTION('',(0.,0.,1.));
#262 = DIRECTION('',(1.,0.,0.));
#263 = FACE_BOUND('',#264,.T.);
#264 = EDGE_LOOP('',(#265));
#265 = ORIENTED_EDGE('',*,*,#266,.F.);
#266 = EDGE_CURVE('',#267,#267,#269,.T.);
#267 = VERTEX_POINT('',#268);
#268 = CARTESIAN_POINT('',(2.5,-88.,52.));
#269 = CIRCLE('',#270,2.5);
#270 = AXIS2_PLACEMENT_3D('',#271,#272,#273);
#271 = CARTESIAN_POINT('',(-5.773159728051E-15,-88.,52.));
#272 = DIRECTION('',(0.,0.,1.));
#273 = DIRECTION('',(1.,0.,0.));
#274 = FACE_BOUND('',#275,.T.);
#275 = EDGE_LOOP('',(#276));
#276 = ORIENTED_EDGE('',*,*,#277,.F.);
#277 = EDGE_CURVE('',#278,#278,#280,.T.);
#278 = VERTEX_POINT('',#279);
#279 = CARTESIAN_POINT('',(169.25,-88.,52.));
#280 = CIRCLE('',#281,2.5);
#281 = AXIS2_PLACEMENT_3D('',#282,#283,#284);
#282 = CARTESIAN_POINT('',(166.75,-88.,52.));
#283 = DIRECTION('',(0.,0.,1.));
#284 = DIRECTION('',(1.,0.,0.));
#285 = PLANE('',#286);
#286 = AXIS2_PLACEMENT_3D('',#287,#288,#289);
#287 = CARTESIAN_POINT('',(1.459472642588E-14,-86.97568279999,52.));
#288 = DIRECTION('',(0.,-8.48046889188E-16,1.));
#289 = DIRECTION('',(0.,1.,8.48046889188E-16));
#290 = ADVANCED_FACE('',(#291),#391,.F.);
#291 = FACE_BOUND('',#292,.F.);
#292 = EDGE_LOOP('',(#293,#303,#311,#319,#327,#336,#344,#352,#360,#369,
    #375,#376,#377,#385));
#293 = ORIENTED_EDGE('',*,*,#294,.F.);
#294 = EDGE_CURVE('',#295,#297,#299,.T.);
#295 = VERTEX_POINT('',#296);
#296 = CARTESIAN_POINT('',(-175.25,96.486487828081,2.));
#297 = VERTEX_POINT('',#298);
#298 = CARTESIAN_POINT('',(-175.25,94.486487828081,2.));
#299 = LINE('',#300,#301);
#300 = CARTESIAN_POINT('',(-175.25,96.486487828081,2.));
#301 = VECTOR('',#302,1.);
#302 = DIRECTION('',(0.,-1.,0.));
#303 = ORIENTED_EDGE('',*,*,#304,.T.);
#304 = EDGE_CURVE('',#295,#305,#307,.T.);
#305 = VERTEX_POINT('',#306);
#306 = CARTESIAN_POINT('',(-175.25,96.486487828081,52.));
#307 = LINE('',#308,#309);
#308 = CARTESIAN_POINT('',(-175.25,96.486487828081,2.));
#309 = VECTOR('',#310,1.);
#310 = DIRECTION('',(-1.110223024625E-16,0.,1.));
#311 = ORIENTED_EDGE('',*,*,#312,.T.);
#312 = EDGE_CURVE('',#305,#313,#315,.T.);
#313 = VERTEX_POINT('',#314);
#314 = CARTESIAN_POINT('',(-175.25,77.286487828081,52.));
#315 = LINE('',#316,#317);
#316 = CARTESIAN_POINT('',(-175.25,96.486487828081,52.));
#317 = VECTOR('',#318,1.);
#318 = DIRECTION('',(0.,-1.,0.));
#319 = ORIENTED_EDGE('',*,*,#320,.F.);
#320 = EDGE_CURVE('',#321,#313,#323,.T.);
#321 = VERTEX_POINT('',#322);
#322 = CARTESIAN_POINT('',(-175.25,77.286487828081,49.4));
#323 = LINE('',#324,#325);
#324 = CARTESIAN_POINT('',(-175.25,77.286487828081,49.4));
#325 = VECTOR('',#326,1.);
#326 = DIRECTION('',(0.,0.,1.));
#327 = ORIENTED_EDGE('',*,*,#328,.F.);
#328 = EDGE_CURVE('',#329,#321,#331,.T.);
#329 = VERTEX_POINT('',#330);
#330 = CARTESIAN_POINT('',(-175.25,76.486487828081,49.4));
#331 = CIRCLE('',#332,0.4);
#332 = AXIS2_PLACEMENT_3D('',#333,#334,#335);
#333 = CARTESIAN_POINT('',(-175.25,76.886487828081,49.4));
#334 = DIRECTION('',(1.,0.,0.));
#335 = DIRECTION('',(0.,-1.,-1.7763568394E-14));
#336 = ORIENTED_EDGE('',*,*,#337,.F.);
#337 = EDGE_CURVE('',#338,#329,#340,.T.);
#338 = VERTEX_POINT('',#339);
#339 = CARTESIAN_POINT('',(-175.25,76.486487828081,50.));
#340 = LINE('',#341,#342);
#341 = CARTESIAN_POINT('',(-175.25,76.486487828081,50.));
#342 = VECTOR('',#343,1.);
#343 = DIRECTION('',(0.,0.,-1.));
#344 = ORIENTED_EDGE('',*,*,#345,.T.);
#345 = EDGE_CURVE('',#338,#346,#348,.T.);
#346 = VERTEX_POINT('',#347);
#347 = CARTESIAN_POINT('',(-175.25,-76.48648782808,50.));
#348 = LINE('',#349,#350);
#349 = CARTESIAN_POINT('',(-175.25,77.286487828081,50.));
#350 = VECTOR('',#351,1.);
#351 = DIRECTION('',(0.,-1.,0.));
#352 = ORIENTED_EDGE('',*,*,#353,.F.);
#353 = EDGE_CURVE('',#354,#346,#356,.T.);
#354 = VERTEX_POINT('',#355);
#355 = CARTESIAN_POINT('',(-175.25,-76.48648782808,49.4));
#356 = LINE('',#357,#358);
#357 = CARTESIAN_POINT('',(-175.25,-76.48648782808,49.4));
#358 = VECTOR('',#359,1.);
#359 = DIRECTION('',(0.,0.,1.));
#360 = ORIENTED_EDGE('',*,*,#361,.F.);
#361 = EDGE_CURVE('',#362,#354,#364,.T.);
#362 = VERTEX_POINT('',#363);
#363 = CARTESIAN_POINT('',(-175.25,-77.28648782808,49.4));
#364 = CIRCLE('',#365,0.4);
#365 = AXIS2_PLACEMENT_3D('',#366,#367,#368);
#366 = CARTESIAN_POINT('',(-175.25,-76.88648782808,49.4));
#367 = DIRECTION('',(1.,0.,0.));
#368 = DIRECTION('',(0.,-1.,0.));
#369 = ORIENTED_EDGE('',*,*,#370,.T.);
#370 = EDGE_CURVE('',#362,#205,#371,.T.);
#371 = LINE('',#372,#373);
#372 = CARTESIAN_POINT('',(-175.25,-77.28648782808,50.));
#373 = VECTOR('',#374,1.);
#374 = DIRECTION('',(0.,0.,1.));
#375 = ORIENTED_EDGE('',*,*,#212,.T.);
#376 = ORIENTED_EDGE('',*,*,#139,.T.);
#377 = ORIENTED_EDGE('',*,*,#378,.F.);
#378 = EDGE_CURVE('',#379,#140,#381,.T.);
#379 = VERTEX_POINT('',#380);
#380 = CARTESIAN_POINT('',(-175.25,-94.48648782808,2.));
#381 = LINE('',#382,#383);
#382 = CARTESIAN_POINT('',(-175.25,96.486487828081,2.));
#383 = VECTOR('',#384,1.);
#384 = DIRECTION('',(0.,-1.,0.));
#385 = ORIENTED_EDGE('',*,*,#386,.F.);
#386 = EDGE_CURVE('',#297,#379,#387,.T.);
#387 = LINE('',#388,#389);
#388 = CARTESIAN_POINT('',(-175.25,96.486487828081,2.));
#389 = VECTOR('',#390,1.);
#390 = DIRECTION('',(0.,-1.,0.));
#391 = PLANE('',#392);
#392 = AXIS2_PLACEMENT_3D('',#393,#394,#395);
#393 = CARTESIAN_POINT('',(-175.25,-1.684436776117E-14,27.));
#394 = DIRECTION('',(1.,0.,1.110223024625E-16));
#395 = DIRECTION('',(1.110223024625E-16,0.,-1.));
#396 = ADVANCED_FACE('',(#397),#431,.T.);
#397 = FACE_BOUND('',#398,.T.);
#398 = EDGE_LOOP('',(#399,#400,#401,#409,#417,#425));
#399 = ORIENTED_EDGE('',*,*,#147,.F.);
#400 = ORIENTED_EDGE('',*,*,#378,.F.);
#401 = ORIENTED_EDGE('',*,*,#402,.T.);
#402 = EDGE_CURVE('',#379,#403,#405,.T.);
#403 = VERTEX_POINT('',#404);
#404 = CARTESIAN_POINT('',(-174.25,-94.48648782808,2.));
#405 = LINE('',#406,#407);
#406 = CARTESIAN_POINT('',(-175.25,-94.48648782808,2.));
#407 = VECTOR('',#408,1.);
#408 = DIRECTION('',(1.,0.,1.110223024625E-16));
#409 = ORIENTED_EDGE('',*,*,#410,.F.);
#410 = EDGE_CURVE('',#411,#403,#413,.T.);
#411 = VERTEX_POINT('',#412);
#412 = CARTESIAN_POINT('',(-174.25,-95.48648782808,2.));
#413 = LINE('',#414,#415);
#414 = CARTESIAN_POINT('',(-174.25,-96.48648782808,2.));
#415 = VECTOR('',#416,1.);
#416 = DIRECTION('',(0.,1.,0.));
#417 = ORIENTED_EDGE('',*,*,#418,.F.);
#418 = EDGE_CURVE('',#419,#411,#421,.T.);
#419 = VERTEX_POINT('',#420);
#420 = CARTESIAN_POINT('',(-173.25,-95.48648782808,2.));
#421 = LINE('',#422,#423);
#422 = CARTESIAN_POINT('',(174.25,-95.48648782808,2.));
#423 = VECTOR('',#424,1.);
#424 = DIRECTION('',(-1.,0.,0.));
#425 = ORIENTED_EDGE('',*,*,#426,.T.);
#426 = EDGE_CURVE('',#419,#148,#427,.T.);
#427 = LINE('',#428,#429);
#428 = CARTESIAN_POINT('',(-173.25,-95.48648782808,2.));
#429 = VECTOR('',#430,1.);
#430 = DIRECTION('',(0.,-1.,-1.110223024625E-16));
#431 = PLANE('',#432);
#432 = AXIS2_PLACEMENT_3D('',#433,#434,#435);
#433 = CARTESIAN_POINT('',(-174.375,-95.61148782808,2.));
#434 = DIRECTION('',(-0.,-0.,-1.));
#435 = DIRECTION('',(-1.,0.,0.));
#436 = ADVANCED_FACE('',(#437),#464,.T.);
#437 = FACE_BOUND('',#438,.F.);
#438 = EDGE_LOOP('',(#439,#448,#449,#458));
#439 = ORIENTED_EDGE('',*,*,#440,.T.);
#440 = EDGE_CURVE('',#441,#148,#443,.T.);
#441 = VERTEX_POINT('',#442);
#442 = CARTESIAN_POINT('',(-173.25,-94.48648782808,0.));
#443 = CIRCLE('',#444,2.);
#444 = AXIS2_PLACEMENT_3D('',#445,#446,#447);
#445 = CARTESIAN_POINT('',(-173.25,-94.48648782808,2.));
#446 = DIRECTION('',(-1.,-0.,-0.));
#447 = DIRECTION('',(0.,0.,-1.));
#448 = ORIENTED_EDGE('',*,*,#155,.T.);
#449 = ORIENTED_EDGE('',*,*,#450,.F.);
#450 = EDGE_CURVE('',#451,#156,#453,.T.);
#451 = VERTEX_POINT('',#452);
#452 = CARTESIAN_POINT('',(173.25,-94.48648782808,0.));
#453 = CIRCLE('',#454,2.);
#454 = AXIS2_PLACEMENT_3D('',#455,#456,#457);
#455 = CARTESIAN_POINT('',(173.25,-94.48648782808,2.));
#456 = DIRECTION('',(-1.,-0.,-0.));
#457 = DIRECTION('',(0.,0.,-1.));
#458 = ORIENTED_EDGE('',*,*,#459,.F.);
#459 = EDGE_CURVE('',#441,#451,#460,.T.);
#460 = LINE('',#461,#462);
#461 = CARTESIAN_POINT('',(-177.25,-94.48648782808,0.));
#462 = VECTOR('',#463,1.);
#463 = DIRECTION('',(1.,0.,0.));
#464 = CYLINDRICAL_SURFACE('',#465,2.);
#465 = AXIS2_PLACEMENT_3D('',#466,#467,#468);
#466 = CARTESIAN_POINT('',(-173.25,-94.48648782808,2.));
#467 = DIRECTION('',(1.,0.,0.));
#468 = DIRECTION('',(0.,0.,-1.));
#469 = ADVANCED_FACE('',(#470),#511,.T.);
#470 = FACE_BOUND('',#471,.T.);
#471 = EDGE_LOOP('',(#472,#473,#481,#489,#497,#505));
#472 = ORIENTED_EDGE('',*,*,#163,.T.);
#473 = ORIENTED_EDGE('',*,*,#474,.T.);
#474 = EDGE_CURVE('',#156,#475,#477,.T.);
#475 = VERTEX_POINT('',#476);
#476 = CARTESIAN_POINT('',(173.25,-95.48648782808,2.));
#477 = LINE('',#478,#479);
#478 = CARTESIAN_POINT('',(173.25,-96.48648782808,2.));
#479 = VECTOR('',#480,1.);
#480 = DIRECTION('',(0.,1.,1.110223024625E-16));
#481 = ORIENTED_EDGE('',*,*,#482,.F.);
#482 = EDGE_CURVE('',#483,#475,#485,.T.);
#483 = VERTEX_POINT('',#484);
#484 = CARTESIAN_POINT('',(174.25,-95.48648782808,2.));
#485 = LINE('',#486,#487);
#486 = CARTESIAN_POINT('',(174.25,-95.48648782808,2.));
#487 = VECTOR('',#488,1.);
#488 = DIRECTION('',(-1.,0.,0.));
#489 = ORIENTED_EDGE('',*,*,#490,.F.);
#490 = EDGE_CURVE('',#491,#483,#493,.T.);
#491 = VERTEX_POINT('',#492);
#492 = CARTESIAN_POINT('',(174.25,-94.48648782808,2.));
#493 = LINE('',#494,#495);
#494 = CARTESIAN_POINT('',(174.25,96.486487828081,2.));
#495 = VECTOR('',#496,1.);
#496 = DIRECTION('',(0.,-1.,0.));
#497 = ORIENTED_EDGE('',*,*,#498,.T.);
#498 = EDGE_CURVE('',#491,#499,#501,.T.);
#499 = VERTEX_POINT('',#500);
#500 = CARTESIAN_POINT('',(175.25,-94.48648782808,2.));
#501 = LINE('',#502,#503);
#502 = CARTESIAN_POINT('',(174.25,-94.48648782808,2.));
#503 = VECTOR('',#504,1.);
#504 = DIRECTION('',(1.,0.,-1.110223024625E-16));
#505 = ORIENTED_EDGE('',*,*,#506,.F.);
#506 = EDGE_CURVE('',#164,#499,#507,.T.);
#507 = LINE('',#508,#509);
#508 = CARTESIAN_POINT('',(175.25,-96.48648782808,2.));
#509 = VECTOR('',#510,1.);
#510 = DIRECTION('',(0.,1.,0.));
#511 = PLANE('',#512);
#512 = AXIS2_PLACEMENT_3D('',#513,#514,#515);
#513 = CARTESIAN_POINT('',(174.375,-95.61148782808,2.));
#514 = DIRECTION('',(-0.,-0.,-1.));
#515 = DIRECTION('',(-1.,0.,0.));
#516 = ADVANCED_FACE('',(#517),#610,.F.);
#517 = FACE_BOUND('',#518,.F.);
#518 = EDGE_LOOP('',(#519,#520,#521,#522,#530,#539,#547,#555,#563,#572,
    #580,#588,#596,#604));
#519 = ORIENTED_EDGE('',*,*,#506,.F.);
#520 = ORIENTED_EDGE('',*,*,#171,.T.);
#521 = ORIENTED_EDGE('',*,*,#223,.T.);
#522 = ORIENTED_EDGE('',*,*,#523,.F.);
#523 = EDGE_CURVE('',#524,#224,#526,.T.);
#524 = VERTEX_POINT('',#525);
#525 = CARTESIAN_POINT('',(175.25,-77.28648782808,49.4));
#526 = LINE('',#527,#528);
#527 = CARTESIAN_POINT('',(175.25,-77.28648782808,49.4));
#528 = VECTOR('',#529,1.);
#529 = DIRECTION('',(0.,0.,1.));
#530 = ORIENTED_EDGE('',*,*,#531,.F.);
#531 = EDGE_CURVE('',#532,#524,#534,.T.);
#532 = VERTEX_POINT('',#533);
#533 = CARTESIAN_POINT('',(175.25,-76.48648782808,49.4));
#534 = CIRCLE('',#535,0.4);
#535 = AXIS2_PLACEMENT_3D('',#536,#537,#538);
#536 = CARTESIAN_POINT('',(175.25,-76.88648782808,49.4));
#537 = DIRECTION('',(-1.,0.,-0.));
#538 = DIRECTION('',(0.,1.,-1.7763568394E-14));
#539 = ORIENTED_EDGE('',*,*,#540,.F.);
#540 = EDGE_CURVE('',#541,#532,#543,.T.);
#541 = VERTEX_POINT('',#542);
#542 = CARTESIAN_POINT('',(175.25,-76.48648782808,50.));
#543 = LINE('',#544,#545);
#544 = CARTESIAN_POINT('',(175.25,-76.48648782808,50.));
#545 = VECTOR('',#546,1.);
#546 = DIRECTION('',(0.,0.,-1.));
#547 = ORIENTED_EDGE('',*,*,#548,.T.);
#548 = EDGE_CURVE('',#541,#549,#551,.T.);
#549 = VERTEX_POINT('',#550);
#550 = CARTESIAN_POINT('',(175.25,76.486487828081,50.));
#551 = LINE('',#552,#553);
#552 = CARTESIAN_POINT('',(175.25,-77.28648782808,50.));
#553 = VECTOR('',#554,1.);
#554 = DIRECTION('',(0.,1.,0.));
#555 = ORIENTED_EDGE('',*,*,#556,.F.);
#556 = EDGE_CURVE('',#557,#549,#559,.T.);
#557 = VERTEX_POINT('',#558);
#558 = CARTESIAN_POINT('',(175.25,76.486487828081,49.4));
#559 = LINE('',#560,#561);
#560 = CARTESIAN_POINT('',(175.25,76.486487828081,49.4));
#561 = VECTOR('',#562,1.);
#562 = DIRECTION('',(0.,0.,1.));
#563 = ORIENTED_EDGE('',*,*,#564,.F.);
#564 = EDGE_CURVE('',#565,#557,#567,.T.);
#565 = VERTEX_POINT('',#566);
#566 = CARTESIAN_POINT('',(175.25,77.286487828081,49.4));
#567 = CIRCLE('',#568,0.4);
#568 = AXIS2_PLACEMENT_3D('',#569,#570,#571);
#569 = CARTESIAN_POINT('',(175.25,76.886487828081,49.4));
#570 = DIRECTION('',(-1.,0.,0.));
#571 = DIRECTION('',(0.,1.,0.));
#572 = ORIENTED_EDGE('',*,*,#573,.T.);
#573 = EDGE_CURVE('',#565,#574,#576,.T.);
#574 = VERTEX_POINT('',#575);
#575 = CARTESIAN_POINT('',(175.25,77.286487828081,52.));
#576 = LINE('',#577,#578);
#577 = CARTESIAN_POINT('',(175.25,77.286487828081,50.));
#578 = VECTOR('',#579,1.);
#579 = DIRECTION('',(0.,0.,1.));
#580 = ORIENTED_EDGE('',*,*,#581,.T.);
#581 = EDGE_CURVE('',#574,#582,#584,.T.);
#582 = VERTEX_POINT('',#583);
#583 = CARTESIAN_POINT('',(175.25,96.486487828081,52.));
#584 = LINE('',#585,#586);
#585 = CARTESIAN_POINT('',(175.25,-96.48648782808,52.));
#586 = VECTOR('',#587,1.);
#587 = DIRECTION('',(0.,1.,0.));
#588 = ORIENTED_EDGE('',*,*,#589,.T.);
#589 = EDGE_CURVE('',#582,#590,#592,.T.);
#590 = VERTEX_POINT('',#591);
#591 = CARTESIAN_POINT('',(175.25,96.486487828081,2.));
#592 = LINE('',#593,#594);
#593 = CARTESIAN_POINT('',(175.25,96.486487828081,52.));
#594 = VECTOR('',#595,1.);
#595 = DIRECTION('',(-1.110223024625E-16,0.,-1.));
#596 = ORIENTED_EDGE('',*,*,#597,.F.);
#597 = EDGE_CURVE('',#598,#590,#600,.T.);
#598 = VERTEX_POINT('',#599);
#599 = CARTESIAN_POINT('',(175.25,94.486487828081,2.));
#600 = LINE('',#601,#602);
#601 = CARTESIAN_POINT('',(175.25,-96.48648782808,2.));
#602 = VECTOR('',#603,1.);
#603 = DIRECTION('',(0.,1.,0.));
#604 = ORIENTED_EDGE('',*,*,#605,.F.);
#605 = EDGE_CURVE('',#499,#598,#606,.T.);
#606 = LINE('',#607,#608);
#607 = CARTESIAN_POINT('',(175.25,-96.48648782808,2.));
#608 = VECTOR('',#609,1.);
#609 = DIRECTION('',(0.,1.,0.));
#610 = PLANE('',#611);
#611 = AXIS2_PLACEMENT_3D('',#612,#613,#614);
#612 = CARTESIAN_POINT('',(175.25,-9.357982089539E-15,27.));
#613 = DIRECTION('',(-1.,0.,1.110223024625E-16));
#614 = DIRECTION('',(1.110223024625E-16,0.,1.));
#615 = ADVANCED_FACE('',(#616),#764,.T.);
#616 = FACE_BOUND('',#617,.T.);
#617 = EDGE_LOOP('',(#618,#626,#627,#635,#643,#652,#658,#659,#667,#675,
    #683,#692,#700,#708,#716,#724,#733,#741,#749,#757));
#618 = ORIENTED_EDGE('',*,*,#619,.F.);
#619 = EDGE_CURVE('',#195,#620,#622,.T.);
#620 = VERTEX_POINT('',#621);
#621 = CARTESIAN_POINT('',(-174.25,-77.28648782808,49.4));
#622 = LINE('',#623,#624);
#623 = CARTESIAN_POINT('',(-174.25,-77.28648782808,50.));
#624 = VECTOR('',#625,1.);
#625 = DIRECTION('',(0.,0.,-1.));
#626 = ORIENTED_EDGE('',*,*,#194,.T.);
#627 = ORIENTED_EDGE('',*,*,#628,.F.);
#628 = EDGE_CURVE('',#629,#197,#631,.T.);
#629 = VERTEX_POINT('',#630);
#630 = CARTESIAN_POINT('',(-174.25,-79.48648782808,51.));
#631 = LINE('',#632,#633);
#632 = CARTESIAN_POINT('',(-174.25,-79.48648782808,51.));
#633 = VECTOR('',#634,1.);
#634 = DIRECTION('',(-2.84217094304E-14,-1.110223024625E-16,1.));
#635 = ORIENTED_EDGE('',*,*,#636,.F.);
#636 = EDGE_CURVE('',#637,#629,#639,.T.);
#637 = VERTEX_POINT('',#638);
#638 = CARTESIAN_POINT('',(-174.25,-94.48648782808,51.));
#639 = LINE('',#640,#641);
#640 = CARTESIAN_POINT('',(-174.25,-94.48648782808,51.));
#641 = VECTOR('',#642,1.);
#642 = DIRECTION('',(0.,1.,1.110223024625E-16));
#643 = ORIENTED_EDGE('',*,*,#644,.F.);
#644 = EDGE_CURVE('',#645,#637,#647,.T.);
#645 = VERTEX_POINT('',#646);
#646 = CARTESIAN_POINT('',(-174.25,-95.48648782808,50.));
#647 = CIRCLE('',#648,1.);
#648 = AXIS2_PLACEMENT_3D('',#649,#650,#651);
#649 = CARTESIAN_POINT('',(-174.25,-94.48648782808,50.));
#650 = DIRECTION('',(-1.,0.,0.));
#651 = DIRECTION('',(0.,-1.,0.));
#652 = ORIENTED_EDGE('',*,*,#653,.F.);
#653 = EDGE_CURVE('',#411,#645,#654,.T.);
#654 = LINE('',#655,#656);
#655 = CARTESIAN_POINT('',(-174.25,-95.48648782808,2.));
#656 = VECTOR('',#657,1.);
#657 = DIRECTION('',(0.,-1.110223024625E-16,1.));
#658 = ORIENTED_EDGE('',*,*,#410,.T.);
#659 = ORIENTED_EDGE('',*,*,#660,.T.);
#660 = EDGE_CURVE('',#403,#661,#663,.T.);
#661 = VERTEX_POINT('',#662);
#662 = CARTESIAN_POINT('',(-174.25,94.486487828081,2.));
#663 = LINE('',#664,#665);
#664 = CARTESIAN_POINT('',(-174.25,-96.48648782808,2.));
#665 = VECTOR('',#666,1.);
#666 = DIRECTION('',(0.,1.,0.));
#667 = ORIENTED_EDGE('',*,*,#668,.T.);
#668 = EDGE_CURVE('',#661,#669,#671,.T.);
#669 = VERTEX_POINT('',#670);
#670 = CARTESIAN_POINT('',(-174.25,95.486487828081,2.));
#671 = LINE('',#672,#673);
#672 = CARTESIAN_POINT('',(-174.25,-96.48648782808,2.));
#673 = VECTOR('',#674,1.);
#674 = DIRECTION('',(0.,1.,0.));
#675 = ORIENTED_EDGE('',*,*,#676,.F.);
#676 = EDGE_CURVE('',#677,#669,#679,.T.);
#677 = VERTEX_POINT('',#678);
#678 = CARTESIAN_POINT('',(-174.25,95.486487828081,50.));
#679 = LINE('',#680,#681);
#680 = CARTESIAN_POINT('',(-174.25,95.486487828081,52.));
#681 = VECTOR('',#682,1.);
#682 = DIRECTION('',(0.,-1.110223024625E-16,-1.));
#683 = ORIENTED_EDGE('',*,*,#684,.T.);
#684 = EDGE_CURVE('',#677,#685,#687,.T.);
#685 = VERTEX_POINT('',#686);
#686 = CARTESIAN_POINT('',(-174.25,94.486487828081,51.));
#687 = CIRCLE('',#688,1.);
#688 = AXIS2_PLACEMENT_3D('',#689,#690,#691);
#689 = CARTESIAN_POINT('',(-174.25,94.486487828081,50.));
#690 = DIRECTION('',(1.,0.,0.));
#691 = DIRECTION('',(0.,1.,0.));
#692 = ORIENTED_EDGE('',*,*,#693,.F.);
#693 = EDGE_CURVE('',#694,#685,#696,.T.);
#694 = VERTEX_POINT('',#695);
#695 = CARTESIAN_POINT('',(-174.25,79.486487828081,51.));
#696 = LINE('',#697,#698);
#697 = CARTESIAN_POINT('',(-174.25,79.486487828081,51.));
#698 = VECTOR('',#699,1.);
#699 = DIRECTION('',(0.,1.,-1.110223024625E-16));
#700 = ORIENTED_EDGE('',*,*,#701,.T.);
#701 = EDGE_CURVE('',#694,#702,#704,.T.);
#702 = VERTEX_POINT('',#703);
#703 = CARTESIAN_POINT('',(-174.25,79.486487828081,52.));
#704 = LINE('',#705,#706);
#705 = CARTESIAN_POINT('',(-174.25,79.486487828081,51.));
#706 = VECTOR('',#707,1.);
#707 = DIRECTION('',(-2.84217094304E-14,1.110223024625E-16,1.));
#708 = ORIENTED_EDGE('',*,*,#709,.T.);
#709 = EDGE_CURVE('',#702,#710,#712,.T.);
#710 = VERTEX_POINT('',#711);
#711 = CARTESIAN_POINT('',(-174.25,77.286487828081,52.));
#712 = LINE('',#713,#714);
#713 = CARTESIAN_POINT('',(-174.25,96.486487828081,52.));
#714 = VECTOR('',#715,1.);
#715 = DIRECTION('',(0.,-1.,0.));
#716 = ORIENTED_EDGE('',*,*,#717,.T.);
#717 = EDGE_CURVE('',#710,#718,#720,.T.);
#718 = VERTEX_POINT('',#719);
#719 = CARTESIAN_POINT('',(-174.25,77.286487828081,49.4));
#720 = LINE('',#721,#722);
#721 = CARTESIAN_POINT('',(-174.25,77.286487828081,52.));
#722 = VECTOR('',#723,1.);
#723 = DIRECTION('',(0.,0.,-1.));
#724 = ORIENTED_EDGE('',*,*,#725,.F.);
#725 = EDGE_CURVE('',#726,#718,#728,.T.);
#726 = VERTEX_POINT('',#727);
#727 = CARTESIAN_POINT('',(-174.25,76.486487828081,49.4));
#728 = CIRCLE('',#729,0.4);
#729 = AXIS2_PLACEMENT_3D('',#730,#731,#732);
#730 = CARTESIAN_POINT('',(-174.25,76.886487828081,49.4));
#731 = DIRECTION('',(1.,0.,0.));
#732 = DIRECTION('',(0.,-1.,-1.7763568394E-14));
#733 = ORIENTED_EDGE('',*,*,#734,.F.);
#734 = EDGE_CURVE('',#735,#726,#737,.T.);
#735 = VERTEX_POINT('',#736);
#736 = CARTESIAN_POINT('',(-174.25,76.486487828081,50.));
#737 = LINE('',#738,#739);
#738 = CARTESIAN_POINT('',(-174.25,76.486487828081,50.));
#739 = VECTOR('',#740,1.);
#740 = DIRECTION('',(0.,0.,-1.));
#741 = ORIENTED_EDGE('',*,*,#742,.F.);
#742 = EDGE_CURVE('',#743,#735,#745,.T.);
#743 = VERTEX_POINT('',#744);
#744 = CARTESIAN_POINT('',(-174.25,-76.48648782808,50.));
#745 = LINE('',#746,#747);
#746 = CARTESIAN_POINT('',(-174.25,-77.28648782808,50.));
#747 = VECTOR('',#748,1.);
#748 = DIRECTION('',(0.,1.,0.));
#749 = ORIENTED_EDGE('',*,*,#750,.F.);
#750 = EDGE_CURVE('',#751,#743,#753,.T.);
#751 = VERTEX_POINT('',#752);
#752 = CARTESIAN_POINT('',(-174.25,-76.48648782808,49.4));
#753 = LINE('',#754,#755);
#754 = CARTESIAN_POINT('',(-174.25,-76.48648782808,49.4));
#755 = VECTOR('',#756,1.);
#756 = DIRECTION('',(0.,0.,1.));
#757 = ORIENTED_EDGE('',*,*,#758,.F.);
#758 = EDGE_CURVE('',#620,#751,#759,.T.);
#759 = CIRCLE('',#760,0.4);
#760 = AXIS2_PLACEMENT_3D('',#761,#762,#763);
#761 = CARTESIAN_POINT('',(-174.25,-76.88648782808,49.4));
#762 = DIRECTION('',(1.,0.,0.));
#763 = DIRECTION('',(0.,-1.,0.));
#764 = PLANE('',#765);
#765 = AXIS2_PLACEMENT_3D('',#766,#767,#768);
#766 = CARTESIAN_POINT('',(-174.25,-1.684436776117E-14,27.));
#767 = DIRECTION('',(1.,0.,1.110223024625E-16));
#768 = DIRECTION('',(1.110223024625E-16,0.,-1.));
#769 = ADVANCED_FACE('',(#770),#781,.T.);
#770 = FACE_BOUND('',#771,.T.);
#771 = EDGE_LOOP('',(#772,#773,#774,#780));
#772 = ORIENTED_EDGE('',*,*,#204,.F.);
#773 = ORIENTED_EDGE('',*,*,#619,.T.);
#774 = ORIENTED_EDGE('',*,*,#775,.T.);
#775 = EDGE_CURVE('',#620,#362,#776,.T.);
#776 = LINE('',#777,#778);
#777 = CARTESIAN_POINT('',(-174.25,-77.28648782808,49.4));
#778 = VECTOR('',#779,1.);
#779 = DIRECTION('',(-1.,0.,0.));
#780 = ORIENTED_EDGE('',*,*,#370,.T.);
#781 = PLANE('',#782);
#782 = AXIS2_PLACEMENT_3D('',#783,#784,#785);
#783 = CARTESIAN_POINT('',(-174.75,-77.28648782808,50.7));
#784 = DIRECTION('',(0.,1.,2.041789470575E-15));
#785 = DIRECTION('',(0.,-2.041789470575E-15,1.));
#786 = ADVANCED_FACE('',(#787),#805,.T.);
#787 = FACE_BOUND('',#788,.T.);
#788 = EDGE_LOOP('',(#789,#797,#803,#804));
#789 = ORIENTED_EDGE('',*,*,#790,.F.);
#790 = EDGE_CURVE('',#791,#524,#793,.T.);
#791 = VERTEX_POINT('',#792);
#792 = CARTESIAN_POINT('',(174.25,-77.28648782808,49.4));
#793 = LINE('',#794,#795);
#794 = CARTESIAN_POINT('',(174.25,-77.28648782808,49.4));
#795 = VECTOR('',#796,1.);
#796 = DIRECTION('',(1.,0.,0.));
#797 = ORIENTED_EDGE('',*,*,#798,.F.);
#798 = EDGE_CURVE('',#232,#791,#799,.T.);
#799 = LINE('',#800,#801);
#800 = CARTESIAN_POINT('',(174.25,-77.28648782808,52.));
#801 = VECTOR('',#802,1.);
#802 = DIRECTION('',(0.,0.,-1.));
#803 = ORIENTED_EDGE('',*,*,#231,.T.);
#804 = ORIENTED_EDGE('',*,*,#523,.F.);
#805 = PLANE('',#806);
#806 = AXIS2_PLACEMENT_3D('',#807,#808,#809);
#807 = CARTESIAN_POINT('',(174.75,-77.28648782808,50.7));
#808 = DIRECTION('',(0.,1.,0.));
#809 = DIRECTION('',(0.,0.,1.));
#810 = ADVANCED_FACE('',(#811),#952,.T.);
#811 = FACE_BOUND('',#812,.T.);
#812 = EDGE_LOOP('',(#813,#823,#831,#839,#847,#856,#864,#872,#878,#879,
    #887,#896,#904,#910,#911,#912,#921,#929,#937,#945));
#813 = ORIENTED_EDGE('',*,*,#814,.F.);
#814 = EDGE_CURVE('',#815,#817,#819,.T.);
#815 = VERTEX_POINT('',#816);
#816 = CARTESIAN_POINT('',(174.25,77.286487828081,52.));
#817 = VERTEX_POINT('',#818);
#818 = CARTESIAN_POINT('',(174.25,77.286487828081,49.4));
#819 = LINE('',#820,#821);
#820 = CARTESIAN_POINT('',(174.25,77.286487828081,50.));
#821 = VECTOR('',#822,1.);
#822 = DIRECTION('',(0.,0.,-1.));
#823 = ORIENTED_EDGE('',*,*,#824,.T.);
#824 = EDGE_CURVE('',#815,#825,#827,.T.);
#825 = VERTEX_POINT('',#826);
#826 = CARTESIAN_POINT('',(174.25,79.486487828081,52.));
#827 = LINE('',#828,#829);
#828 = CARTESIAN_POINT('',(174.25,-96.48648782808,52.));
#829 = VECTOR('',#830,1.);
#830 = DIRECTION('',(0.,1.,0.));
#831 = ORIENTED_EDGE('',*,*,#832,.F.);
#832 = EDGE_CURVE('',#833,#825,#835,.T.);
#833 = VERTEX_POINT('',#834);
#834 = CARTESIAN_POINT('',(174.25,79.486487828081,51.));
#835 = LINE('',#836,#837);
#836 = CARTESIAN_POINT('',(174.25,79.486487828081,51.));
#837 = VECTOR('',#838,1.);
#838 = DIRECTION('',(-2.84217094304E-14,1.110223024625E-16,1.));
#839 = ORIENTED_EDGE('',*,*,#840,.F.);
#840 = EDGE_CURVE('',#841,#833,#843,.T.);
#841 = VERTEX_POINT('',#842);
#842 = CARTESIAN_POINT('',(174.25,94.486487828081,51.));
#843 = LINE('',#844,#845);
#844 = CARTESIAN_POINT('',(174.25,94.486487828081,51.));
#845 = VECTOR('',#846,1.);
#846 = DIRECTION('',(0.,-1.,1.110223024625E-16));
#847 = ORIENTED_EDGE('',*,*,#848,.F.);
#848 = EDGE_CURVE('',#849,#841,#851,.T.);
#849 = VERTEX_POINT('',#850);
#850 = CARTESIAN_POINT('',(174.25,95.486487828081,50.));
#851 = CIRCLE('',#852,1.);
#852 = AXIS2_PLACEMENT_3D('',#853,#854,#855);
#853 = CARTESIAN_POINT('',(174.25,94.486487828081,50.));
#854 = DIRECTION('',(1.,0.,0.));
#855 = DIRECTION('',(0.,1.,0.));
#856 = ORIENTED_EDGE('',*,*,#857,.F.);
#857 = EDGE_CURVE('',#858,#849,#860,.T.);
#858 = VERTEX_POINT('',#859);
#859 = CARTESIAN_POINT('',(174.25,95.486487828081,2.));
#860 = LINE('',#861,#862);
#861 = CARTESIAN_POINT('',(174.25,95.486487828081,2.));
#862 = VECTOR('',#863,1.);
#863 = DIRECTION('',(0.,1.110223024625E-16,1.));
#864 = ORIENTED_EDGE('',*,*,#865,.T.);
#865 = EDGE_CURVE('',#858,#866,#868,.T.);
#866 = VERTEX_POINT('',#867);
#867 = CARTESIAN_POINT('',(174.25,94.486487828081,2.));
#868 = LINE('',#869,#870);
#869 = CARTESIAN_POINT('',(174.25,96.486487828081,2.));
#870 = VECTOR('',#871,1.);
#871 = DIRECTION('',(0.,-1.,0.));
#872 = ORIENTED_EDGE('',*,*,#873,.T.);
#873 = EDGE_CURVE('',#866,#491,#874,.T.);
#874 = LINE('',#875,#876);
#875 = CARTESIAN_POINT('',(174.25,96.486487828081,2.));
#876 = VECTOR('',#877,1.);
#877 = DIRECTION('',(0.,-1.,0.));
#878 = ORIENTED_EDGE('',*,*,#490,.T.);
#879 = ORIENTED_EDGE('',*,*,#880,.F.);
#880 = EDGE_CURVE('',#881,#483,#883,.T.);
#881 = VERTEX_POINT('',#882);
#882 = CARTESIAN_POINT('',(174.25,-95.48648782808,50.));
#883 = LINE('',#884,#885);
#884 = CARTESIAN_POINT('',(174.25,-95.48648782808,52.));
#885 = VECTOR('',#886,1.);
#886 = DIRECTION('',(0.,1.110223024625E-16,-1.));
#887 = ORIENTED_EDGE('',*,*,#888,.T.);
#888 = EDGE_CURVE('',#881,#889,#891,.T.);
#889 = VERTEX_POINT('',#890);
#890 = CARTESIAN_POINT('',(174.25,-94.48648782808,51.));
#891 = CIRCLE('',#892,1.);
#892 = AXIS2_PLACEMENT_3D('',#893,#894,#895);
#893 = CARTESIAN_POINT('',(174.25,-94.48648782808,50.));
#894 = DIRECTION('',(-1.,0.,0.));
#895 = DIRECTION('',(0.,-1.,0.));
#896 = ORIENTED_EDGE('',*,*,#897,.F.);
#897 = EDGE_CURVE('',#898,#889,#900,.T.);
#898 = VERTEX_POINT('',#899);
#899 = CARTESIAN_POINT('',(174.25,-79.48648782808,51.));
#900 = LINE('',#901,#902);
#901 = CARTESIAN_POINT('',(174.25,-79.48648782808,51.));
#902 = VECTOR('',#903,1.);
#903 = DIRECTION('',(0.,-1.,-1.110223024625E-16));
#904 = ORIENTED_EDGE('',*,*,#905,.T.);
#905 = EDGE_CURVE('',#898,#240,#906,.T.);
#906 = LINE('',#907,#908);
#907 = CARTESIAN_POINT('',(174.25,-79.48648782808,51.));
#908 = VECTOR('',#909,1.);
#909 = DIRECTION('',(-2.84217094304E-14,-1.110223024625E-16,1.));
#910 = ORIENTED_EDGE('',*,*,#239,.T.);
#911 = ORIENTED_EDGE('',*,*,#798,.T.);
#912 = ORIENTED_EDGE('',*,*,#913,.F.);
#913 = EDGE_CURVE('',#914,#791,#916,.T.);
#914 = VERTEX_POINT('',#915);
#915 = CARTESIAN_POINT('',(174.25,-76.48648782808,49.4));
#916 = CIRCLE('',#917,0.4);
#917 = AXIS2_PLACEMENT_3D('',#918,#919,#920);
#918 = CARTESIAN_POINT('',(174.25,-76.88648782808,49.4));
#919 = DIRECTION('',(-1.,0.,-0.));
#920 = DIRECTION('',(0.,1.,-1.7763568394E-14));
#921 = ORIENTED_EDGE('',*,*,#922,.F.);
#922 = EDGE_CURVE('',#923,#914,#925,.T.);
#923 = VERTEX_POINT('',#924);
#924 = CARTESIAN_POINT('',(174.25,-76.48648782808,50.));
#925 = LINE('',#926,#927);
#926 = CARTESIAN_POINT('',(174.25,-76.48648782808,50.));
#927 = VECTOR('',#928,1.);
#928 = DIRECTION('',(0.,0.,-1.));
#929 = ORIENTED_EDGE('',*,*,#930,.F.);
#930 = EDGE_CURVE('',#931,#923,#933,.T.);
#931 = VERTEX_POINT('',#932);
#932 = CARTESIAN_POINT('',(174.25,76.486487828081,50.));
#933 = LINE('',#934,#935);
#934 = CARTESIAN_POINT('',(174.25,77.286487828081,50.));
#935 = VECTOR('',#936,1.);
#936 = DIRECTION('',(0.,-1.,0.));
#937 = ORIENTED_EDGE('',*,*,#938,.F.);
#938 = EDGE_CURVE('',#939,#931,#941,.T.);
#939 = VERTEX_POINT('',#940);
#940 = CARTESIAN_POINT('',(174.25,76.486487828081,49.4));
#941 = LINE('',#942,#943);
#942 = CARTESIAN_POINT('',(174.25,76.486487828081,49.4));
#943 = VECTOR('',#944,1.);
#944 = DIRECTION('',(0.,0.,1.));
#945 = ORIENTED_EDGE('',*,*,#946,.F.);
#946 = EDGE_CURVE('',#817,#939,#947,.T.);
#947 = CIRCLE('',#948,0.4);
#948 = AXIS2_PLACEMENT_3D('',#949,#950,#951);
#949 = CARTESIAN_POINT('',(174.25,76.886487828081,49.4));
#950 = DIRECTION('',(-1.,0.,0.));
#951 = DIRECTION('',(0.,1.,0.));
#952 = PLANE('',#953);
#953 = AXIS2_PLACEMENT_3D('',#954,#955,#956);
#954 = CARTESIAN_POINT('',(174.25,-9.357982089539E-15,27.));
#955 = DIRECTION('',(-1.,0.,1.110223024625E-16));
#956 = DIRECTION('',(1.110223024625E-16,0.,1.));
#957 = ADVANCED_FACE('',(#958),#969,.T.);
#958 = FACE_BOUND('',#959,.T.);
#959 = EDGE_LOOP('',(#960,#961,#962,#963));
#960 = ORIENTED_EDGE('',*,*,#628,.T.);
#961 = ORIENTED_EDGE('',*,*,#247,.T.);
#962 = ORIENTED_EDGE('',*,*,#905,.F.);
#963 = ORIENTED_EDGE('',*,*,#964,.F.);
#964 = EDGE_CURVE('',#629,#898,#965,.T.);
#965 = LINE('',#966,#967);
#966 = CARTESIAN_POINT('',(-174.25,-79.48648782808,51.));
#967 = VECTOR('',#968,1.);
#968 = DIRECTION('',(1.,0.,0.));
#969 = PLANE('',#970);
#970 = AXIS2_PLACEMENT_3D('',#971,#972,#973);
#971 = CARTESIAN_POINT('',(-174.25,-79.48648782808,51.));
#972 = DIRECTION('',(0.,1.,1.110223024625E-16));
#973 = DIRECTION('',(1.,0.,0.));
#974 = ADVANCED_FACE('',(#975),#994,.F.);
#975 = FACE_BOUND('',#976,.T.);
#976 = EDGE_LOOP('',(#977,#985,#986,#987));
#977 = ORIENTED_EDGE('',*,*,#978,.F.);
#978 = EDGE_CURVE('',#256,#979,#981,.T.);
#979 = VERTEX_POINT('',#980);
#980 = CARTESIAN_POINT('',(-164.25,-88.,51.));
#981 = LINE('',#982,#983);
#982 = CARTESIAN_POINT('',(-164.25,-88.,52.));
#983 = VECTOR('',#984,1.);
#984 = DIRECTION('',(-5.329070518201E-17,0.,-1.));
#985 = ORIENTED_EDGE('',*,*,#255,.T.);
#986 = ORIENTED_EDGE('',*,*,#978,.T.);
#987 = ORIENTED_EDGE('',*,*,#988,.T.);
#988 = EDGE_CURVE('',#979,#979,#989,.T.);
#989 = CIRCLE('',#990,2.5);
#990 = AXIS2_PLACEMENT_3D('',#991,#992,#993);
#991 = CARTESIAN_POINT('',(-166.75,-88.,51.));
#992 = DIRECTION('',(0.,0.,-1.));
#993 = DIRECTION('',(1.,0.,0.));
#994 = CYLINDRICAL_SURFACE('',#995,2.5);
#995 = AXIS2_PLACEMENT_3D('',#996,#997,#998);
#996 = CARTESIAN_POINT('',(-166.75,-88.,52.));
#997 = DIRECTION('',(-0.,-0.,-1.));
#998 = DIRECTION('',(1.,0.,0.));
#999 = ADVANCED_FACE('',(#1000),#1019,.F.);
#1000 = FACE_BOUND('',#1001,.T.);
#1001 = EDGE_LOOP('',(#1002,#1010,#1011,#1012));
#1002 = ORIENTED_EDGE('',*,*,#1003,.F.);
#1003 = EDGE_CURVE('',#267,#1004,#1006,.T.);
#1004 = VERTEX_POINT('',#1005);
#1005 = CARTESIAN_POINT('',(2.5,-88.,51.));
#1006 = LINE('',#1007,#1008);
#1007 = CARTESIAN_POINT('',(2.5,-88.,52.));
#1008 = VECTOR('',#1009,1.);
#1009 = DIRECTION('',(-5.329070518201E-17,0.,-1.));
#1010 = ORIENTED_EDGE('',*,*,#266,.T.);
#1011 = ORIENTED_EDGE('',*,*,#1003,.T.);
#1012 = ORIENTED_EDGE('',*,*,#1013,.T.);
#1013 = EDGE_CURVE('',#1004,#1004,#1014,.T.);
#1014 = CIRCLE('',#1015,2.5);
#1015 = AXIS2_PLACEMENT_3D('',#1016,#1017,#1018);
#1016 = CARTESIAN_POINT('',(-5.773159728051E-15,-88.,51.));
#1017 = DIRECTION('',(0.,0.,-1.));
#1018 = DIRECTION('',(1.,0.,0.));
#1019 = CYLINDRICAL_SURFACE('',#1020,2.5);
#1020 = AXIS2_PLACEMENT_3D('',#1021,#1022,#1023);
#1021 = CARTESIAN_POINT('',(-5.773159728051E-15,-88.,52.));
#1022 = DIRECTION('',(-0.,-0.,-1.));
#1023 = DIRECTION('',(1.,0.,0.));
#1024 = ADVANCED_FACE('',(#1025),#1044,.F.);
#1025 = FACE_BOUND('',#1026,.T.);
#1026 = EDGE_LOOP('',(#1027,#1035,#1036,#1037));
#1027 = ORIENTED_EDGE('',*,*,#1028,.F.);
#1028 = EDGE_CURVE('',#278,#1029,#1031,.T.);
#1029 = VERTEX_POINT('',#1030);
#1030 = CARTESIAN_POINT('',(169.25,-88.,51.));
#1031 = LINE('',#1032,#1033);
#1032 = CARTESIAN_POINT('',(169.25,-88.,52.));
#1033 = VECTOR('',#1034,1.);
#1034 = DIRECTION('',(-5.329070518201E-17,0.,-1.));
#1035 = ORIENTED_EDGE('',*,*,#277,.T.);
#1036 = ORIENTED_EDGE('',*,*,#1028,.T.);
#1037 = ORIENTED_EDGE('',*,*,#1038,.T.);
#1038 = EDGE_CURVE('',#1029,#1029,#1039,.T.);
#1039 = CIRCLE('',#1040,2.5);
#1040 = AXIS2_PLACEMENT_3D('',#1041,#1042,#1043);
#1041 = CARTESIAN_POINT('',(166.75,-88.,51.));
#1042 = DIRECTION('',(0.,0.,-1.));
#1043 = DIRECTION('',(1.,0.,0.));
#1044 = CYLINDRICAL_SURFACE('',#1045,2.5);
#1045 = AXIS2_PLACEMENT_3D('',#1046,#1047,#1048);
#1046 = CARTESIAN_POINT('',(166.75,-88.,52.));
#1047 = DIRECTION('',(-0.,-0.,-1.));
#1048 = DIRECTION('',(1.,0.,0.));
#1049 = ADVANCED_FACE('',(#1050),#1082,.T.);
#1050 = FACE_BOUND('',#1051,.T.);
#1051 = EDGE_LOOP('',(#1052,#1060,#1068,#1074,#1075,#1081));
#1052 = ORIENTED_EDGE('',*,*,#1053,.T.);
#1053 = EDGE_CURVE('',#295,#1054,#1056,.T.);
#1054 = VERTEX_POINT('',#1055);
#1055 = CARTESIAN_POINT('',(-173.25,96.486487828081,2.));
#1056 = LINE('',#1057,#1058);
#1057 = CARTESIAN_POINT('',(-174.25,96.486487828081,2.));
#1058 = VECTOR('',#1059,1.);
#1059 = DIRECTION('',(1.,0.,0.));
#1060 = ORIENTED_EDGE('',*,*,#1061,.T.);
#1061 = EDGE_CURVE('',#1054,#1062,#1064,.T.);
#1062 = VERTEX_POINT('',#1063);
#1063 = CARTESIAN_POINT('',(-173.25,95.486487828081,2.));
#1064 = LINE('',#1065,#1066);
#1065 = CARTESIAN_POINT('',(-173.25,96.486487828081,2.));
#1066 = VECTOR('',#1067,1.);
#1067 = DIRECTION('',(0.,-1.,1.110223024625E-16));
#1068 = ORIENTED_EDGE('',*,*,#1069,.F.);
#1069 = EDGE_CURVE('',#669,#1062,#1070,.T.);
#1070 = LINE('',#1071,#1072);
#1071 = CARTESIAN_POINT('',(-174.25,95.486487828081,2.));
#1072 = VECTOR('',#1073,1.);
#1073 = DIRECTION('',(1.,0.,0.));
#1074 = ORIENTED_EDGE('',*,*,#668,.F.);
#1075 = ORIENTED_EDGE('',*,*,#1076,.T.);
#1076 = EDGE_CURVE('',#661,#297,#1077,.T.);
#1077 = LINE('',#1078,#1079);
#1078 = CARTESIAN_POINT('',(-174.25,94.486487828081,2.));
#1079 = VECTOR('',#1080,1.);
#1080 = DIRECTION('',(-1.,0.,-1.110223024625E-16));
#1081 = ORIENTED_EDGE('',*,*,#294,.F.);
#1082 = PLANE('',#1083);
#1083 = AXIS2_PLACEMENT_3D('',#1084,#1085,#1086);
#1084 = CARTESIAN_POINT('',(-174.375,95.611487828081,2.));
#1085 = DIRECTION('',(-0.,-0.,-1.));
#1086 = DIRECTION('',(-1.,0.,0.));
#1087 = ADVANCED_FACE('',(#1088),#1113,.T.);
#1088 = FACE_BOUND('',#1089,.F.);
#1089 = EDGE_LOOP('',(#1090,#1098,#1105,#1106));
#1090 = ORIENTED_EDGE('',*,*,#1091,.F.);
#1091 = EDGE_CURVE('',#1092,#441,#1094,.T.);
#1092 = VERTEX_POINT('',#1093);
#1093 = CARTESIAN_POINT('',(-173.25,94.486487828081,0.));
#1094 = LINE('',#1095,#1096);
#1095 = CARTESIAN_POINT('',(-173.25,96.486487828081,0.));
#1096 = VECTOR('',#1097,1.);
#1097 = DIRECTION('',(0.,-1.,0.));
#1098 = ORIENTED_EDGE('',*,*,#1099,.T.);
#1099 = EDGE_CURVE('',#1092,#297,#1100,.T.);
#1100 = CIRCLE('',#1101,2.);
#1101 = AXIS2_PLACEMENT_3D('',#1102,#1103,#1104);
#1102 = CARTESIAN_POINT('',(-173.25,94.486487828081,2.));
#1103 = DIRECTION('',(0.,1.,0.));
#1104 = DIRECTION('',(0.,0.,-1.));
#1105 = ORIENTED_EDGE('',*,*,#386,.T.);
#1106 = ORIENTED_EDGE('',*,*,#1107,.F.);
#1107 = EDGE_CURVE('',#441,#379,#1108,.T.);
#1108 = CIRCLE('',#1109,2.);
#1109 = AXIS2_PLACEMENT_3D('',#1110,#1111,#1112);
#1110 = CARTESIAN_POINT('',(-173.25,-94.48648782808,2.));
#1111 = DIRECTION('',(0.,1.,0.));
#1112 = DIRECTION('',(0.,0.,-1.));
#1113 = CYLINDRICAL_SURFACE('',#1114,2.);
#1114 = AXIS2_PLACEMENT_3D('',#1115,#1116,#1117);
#1115 = CARTESIAN_POINT('',(-173.25,96.486487828081,2.));
#1116 = DIRECTION('',(0.,-1.,0.));
#1117 = DIRECTION('',(0.,0.,-1.));
#1118 = ADVANCED_FACE('',(#1119),#1130,.F.);
#1119 = FACE_BOUND('',#1120,.F.);
#1120 = EDGE_LOOP('',(#1121,#1122,#1123,#1129));
#1121 = ORIENTED_EDGE('',*,*,#775,.T.);
#1122 = ORIENTED_EDGE('',*,*,#361,.T.);
#1123 = ORIENTED_EDGE('',*,*,#1124,.F.);
#1124 = EDGE_CURVE('',#751,#354,#1125,.T.);
#1125 = LINE('',#1126,#1127);
#1126 = CARTESIAN_POINT('',(-174.25,-76.48648782808,49.4));
#1127 = VECTOR('',#1128,1.);
#1128 = DIRECTION('',(-1.,0.,0.));
#1129 = ORIENTED_EDGE('',*,*,#758,.F.);
#1130 = CYLINDRICAL_SURFACE('',#1131,0.4);
#1131 = AXIS2_PLACEMENT_3D('',#1132,#1133,#1134);
#1132 = CARTESIAN_POINT('',(-174.25,-76.88648782808,49.4));
#1133 = DIRECTION('',(1.,0.,0.));
#1134 = DIRECTION('',(0.,-1.,0.));
#1135 = ADVANCED_FACE('',(#1136),#1181,.T.);
#1136 = FACE_BOUND('',#1137,.T.);
#1137 = EDGE_LOOP('',(#1138,#1139,#1140,#1149,#1157,#1165,#1173,#1180));
#1138 = ORIENTED_EDGE('',*,*,#1124,.F.);
#1139 = ORIENTED_EDGE('',*,*,#750,.T.);
#1140 = ORIENTED_EDGE('',*,*,#1141,.T.);
#1141 = EDGE_CURVE('',#743,#1142,#1144,.T.);
#1142 = VERTEX_POINT('',#1143);
#1143 = CARTESIAN_POINT('',(-173.25,-76.48648782808,51.));
#1144 = CIRCLE('',#1145,1.);
#1145 = AXIS2_PLACEMENT_3D('',#1146,#1147,#1148);
#1146 = CARTESIAN_POINT('',(-173.25,-76.48648782808,50.));
#1147 = DIRECTION('',(0.,1.,-0.));
#1148 = DIRECTION('',(-1.,0.,0.));
#1149 = ORIENTED_EDGE('',*,*,#1150,.F.);
#1150 = EDGE_CURVE('',#1151,#1142,#1153,.T.);
#1151 = VERTEX_POINT('',#1152);
#1152 = CARTESIAN_POINT('',(-158.25,-76.48648782808,51.));
#1153 = LINE('',#1154,#1155);
#1154 = CARTESIAN_POINT('',(-158.25,-76.48648782808,51.));
#1155 = VECTOR('',#1156,1.);
#1156 = DIRECTION('',(-1.,0.,-1.110223024625E-16));
#1157 = ORIENTED_EDGE('',*,*,#1158,.T.);
#1158 = EDGE_CURVE('',#1151,#1159,#1161,.T.);
#1159 = VERTEX_POINT('',#1160);
#1160 = CARTESIAN_POINT('',(-158.25,-76.48648782808,52.));
#1161 = LINE('',#1162,#1163);
#1162 = CARTESIAN_POINT('',(-158.25,-76.48648782808,51.));
#1163 = VECTOR('',#1164,1.);
#1164 = DIRECTION('',(-1.110223024625E-16,0.,1.));
#1165 = ORIENTED_EDGE('',*,*,#1166,.T.);
#1166 = EDGE_CURVE('',#1159,#1167,#1169,.T.);
#1167 = VERTEX_POINT('',#1168);
#1168 = CARTESIAN_POINT('',(-173.25,-76.48648782808,52.));
#1169 = LINE('',#1170,#1171);
#1170 = CARTESIAN_POINT('',(-158.25,-76.48648782808,52.));
#1171 = VECTOR('',#1172,1.);
#1172 = DIRECTION('',(-1.,0.,-1.110223024625E-16));
#1173 = ORIENTED_EDGE('',*,*,#1174,.F.);
#1174 = EDGE_CURVE('',#346,#1167,#1175,.T.);
#1175 = CIRCLE('',#1176,2.);
#1176 = AXIS2_PLACEMENT_3D('',#1177,#1178,#1179);
#1177 = CARTESIAN_POINT('',(-173.25,-76.48648782808,50.));
#1178 = DIRECTION('',(0.,1.,-0.));
#1179 = DIRECTION('',(-1.,0.,0.));
#1180 = ORIENTED_EDGE('',*,*,#353,.F.);
#1181 = PLANE('',#1182);
#1182 = AXIS2_PLACEMENT_3D('',#1183,#1184,#1185);
#1183 = CARTESIAN_POINT('',(-167.1253811234,-76.48648782808,
    51.330462276092));
#1184 = DIRECTION('',(-2.476394269845E-16,-1.,-3.466927935012E-15));
#1185 = DIRECTION('',(0.,3.466927935012E-15,-1.));
#1186 = ADVANCED_FACE('',(#1187),#1206,.T.);
#1187 = FACE_BOUND('',#1188,.F.);
#1188 = EDGE_LOOP('',(#1189,#1198,#1204,#1205));
#1189 = ORIENTED_EDGE('',*,*,#1190,.T.);
#1190 = EDGE_CURVE('',#338,#1191,#1193,.T.);
#1191 = VERTEX_POINT('',#1192);
#1192 = CARTESIAN_POINT('',(-173.25,76.486487828081,52.));
#1193 = CIRCLE('',#1194,2.);
#1194 = AXIS2_PLACEMENT_3D('',#1195,#1196,#1197);
#1195 = CARTESIAN_POINT('',(-173.25,76.486487828081,50.));
#1196 = DIRECTION('',(0.,1.,-0.));
#1197 = DIRECTION('',(-1.,0.,0.));
#1198 = ORIENTED_EDGE('',*,*,#1199,.T.);
#1199 = EDGE_CURVE('',#1191,#1167,#1200,.T.);
#1200 = LINE('',#1201,#1202);
#1201 = CARTESIAN_POINT('',(-173.25,76.486487828081,52.));
#1202 = VECTOR('',#1203,1.);
#1203 = DIRECTION('',(0.,-1.,0.));
#1204 = ORIENTED_EDGE('',*,*,#1174,.F.);
#1205 = ORIENTED_EDGE('',*,*,#345,.F.);
#1206 = CYLINDRICAL_SURFACE('',#1207,2.);
#1207 = AXIS2_PLACEMENT_3D('',#1208,#1209,#1210);
#1208 = CARTESIAN_POINT('',(-173.25,76.486487828081,50.));
#1209 = DIRECTION('',(0.,-1.,0.));
#1210 = DIRECTION('',(-1.,0.,0.));
#1211 = ADVANCED_FACE('',(#1212),#1254,.T.);
#1212 = FACE_BOUND('',#1213,.T.);
#1213 = EDGE_LOOP('',(#1214,#1220,#1221,#1222,#1230,#1238,#1246,#1253));
#1214 = ORIENTED_EDGE('',*,*,#1215,.T.);
#1215 = EDGE_CURVE('',#726,#329,#1216,.T.);
#1216 = LINE('',#1217,#1218);
#1217 = CARTESIAN_POINT('',(-174.25,76.486487828081,49.4));
#1218 = VECTOR('',#1219,1.);
#1219 = DIRECTION('',(-1.,0.,0.));
#1220 = ORIENTED_EDGE('',*,*,#337,.F.);
#1221 = ORIENTED_EDGE('',*,*,#1190,.T.);
#1222 = ORIENTED_EDGE('',*,*,#1223,.T.);
#1223 = EDGE_CURVE('',#1191,#1224,#1226,.T.);
#1224 = VERTEX_POINT('',#1225);
#1225 = CARTESIAN_POINT('',(-158.25,76.486487828081,52.));
#1226 = LINE('',#1227,#1228);
#1227 = CARTESIAN_POINT('',(-173.25,76.486487828081,52.));
#1228 = VECTOR('',#1229,1.);
#1229 = DIRECTION('',(1.,0.,1.110223024625E-16));
#1230 = ORIENTED_EDGE('',*,*,#1231,.F.);
#1231 = EDGE_CURVE('',#1232,#1224,#1234,.T.);
#1232 = VERTEX_POINT('',#1233);
#1233 = CARTESIAN_POINT('',(-158.25,76.486487828081,51.));
#1234 = LINE('',#1235,#1236);
#1235 = CARTESIAN_POINT('',(-158.25,76.486487828081,51.));
#1236 = VECTOR('',#1237,1.);
#1237 = DIRECTION('',(-1.110223024625E-16,0.,1.));
#1238 = ORIENTED_EDGE('',*,*,#1239,.F.);
#1239 = EDGE_CURVE('',#1240,#1232,#1242,.T.);
#1240 = VERTEX_POINT('',#1241);
#1241 = CARTESIAN_POINT('',(-173.25,76.486487828081,51.));
#1242 = LINE('',#1243,#1244);
#1243 = CARTESIAN_POINT('',(-173.25,76.486487828081,51.));
#1244 = VECTOR('',#1245,1.);
#1245 = DIRECTION('',(1.,0.,1.110223024625E-16));
#1246 = ORIENTED_EDGE('',*,*,#1247,.F.);
#1247 = EDGE_CURVE('',#735,#1240,#1248,.T.);
#1248 = CIRCLE('',#1249,1.);
#1249 = AXIS2_PLACEMENT_3D('',#1250,#1251,#1252);
#1250 = CARTESIAN_POINT('',(-173.25,76.486487828081,50.));
#1251 = DIRECTION('',(0.,1.,-0.));
#1252 = DIRECTION('',(-1.,0.,0.));
#1253 = ORIENTED_EDGE('',*,*,#734,.T.);
#1254 = PLANE('',#1255);
#1255 = AXIS2_PLACEMENT_3D('',#1256,#1257,#1258);
#1256 = CARTESIAN_POINT('',(-167.1253811234,76.486487828081,
    51.330462276092));
#1257 = DIRECTION('',(0.,1.,0.));
#1258 = DIRECTION('',(0.,0.,1.));
#1259 = ADVANCED_FACE('',(#1260),#1271,.F.);
#1260 = FACE_BOUND('',#1261,.F.);
#1261 = EDGE_LOOP('',(#1262,#1263,#1264,#1270));
#1262 = ORIENTED_EDGE('',*,*,#1215,.T.);
#1263 = ORIENTED_EDGE('',*,*,#328,.T.);
#1264 = ORIENTED_EDGE('',*,*,#1265,.F.);
#1265 = EDGE_CURVE('',#718,#321,#1266,.T.);
#1266 = LINE('',#1267,#1268);
#1267 = CARTESIAN_POINT('',(-174.25,77.286487828081,49.4));
#1268 = VECTOR('',#1269,1.);
#1269 = DIRECTION('',(-1.,0.,0.));
#1270 = ORIENTED_EDGE('',*,*,#725,.F.);
#1271 = CYLINDRICAL_SURFACE('',#1272,0.4);
#1272 = AXIS2_PLACEMENT_3D('',#1273,#1274,#1275);
#1273 = CARTESIAN_POINT('',(-174.25,76.886487828081,49.4));
#1274 = DIRECTION('',(1.,0.,0.));
#1275 = DIRECTION('',(0.,-1.,-1.7763568394E-14));
#1276 = ADVANCED_FACE('',(#1277),#1288,.T.);
#1277 = FACE_BOUND('',#1278,.T.);
#1278 = EDGE_LOOP('',(#1279,#1280,#1281,#1287));
#1279 = ORIENTED_EDGE('',*,*,#1265,.F.);
#1280 = ORIENTED_EDGE('',*,*,#717,.F.);
#1281 = ORIENTED_EDGE('',*,*,#1282,.T.);
#1282 = EDGE_CURVE('',#710,#313,#1283,.T.);
#1283 = LINE('',#1284,#1285);
#1284 = CARTESIAN_POINT('',(-174.25,77.286487828081,52.));
#1285 = VECTOR('',#1286,1.);
#1286 = DIRECTION('',(-1.,0.,0.));
#1287 = ORIENTED_EDGE('',*,*,#320,.F.);
#1288 = PLANE('',#1289);
#1289 = AXIS2_PLACEMENT_3D('',#1290,#1291,#1292);
#1290 = CARTESIAN_POINT('',(-174.75,77.286487828081,50.7));
#1291 = DIRECTION('',(-0.,-1.,-0.));
#1292 = DIRECTION('',(0.,0.,-1.));
#1293 = ADVANCED_FACE('',(#1294,#1351,#1362,#1373),#1384,.T.);
#1294 = FACE_BOUND('',#1295,.T.);
#1295 = EDGE_LOOP('',(#1296,#1304,#1305,#1306,#1307,#1313,#1314,#1320,
    #1321,#1329,#1337,#1345));
#1296 = ORIENTED_EDGE('',*,*,#1297,.T.);
#1297 = EDGE_CURVE('',#1298,#305,#1300,.T.);
#1298 = VERTEX_POINT('',#1299);
#1299 = CARTESIAN_POINT('',(-174.25,96.486487828081,52.));
#1300 = LINE('',#1301,#1302);
#1301 = CARTESIAN_POINT('',(-174.25,96.486487828081,52.));
#1302 = VECTOR('',#1303,1.);
#1303 = DIRECTION('',(-1.,0.,-1.110223024625E-16));
#1304 = ORIENTED_EDGE('',*,*,#312,.T.);
#1305 = ORIENTED_EDGE('',*,*,#1282,.F.);
#1306 = ORIENTED_EDGE('',*,*,#709,.F.);
#1307 = ORIENTED_EDGE('',*,*,#1308,.F.);
#1308 = EDGE_CURVE('',#825,#702,#1309,.T.);
#1309 = LINE('',#1310,#1311);
#1310 = CARTESIAN_POINT('',(174.25,79.486487828081,52.));
#1311 = VECTOR('',#1312,1.);
#1312 = DIRECTION('',(-1.,0.,0.));
#1313 = ORIENTED_EDGE('',*,*,#824,.F.);
#1314 = ORIENTED_EDGE('',*,*,#1315,.T.);
#1315 = EDGE_CURVE('',#815,#574,#1316,.T.);
#1316 = LINE('',#1317,#1318);
#1317 = CARTESIAN_POINT('',(174.25,77.286487828081,52.));
#1318 = VECTOR('',#1319,1.);
#1319 = DIRECTION('',(1.,0.,0.));
#1320 = ORIENTED_EDGE('',*,*,#581,.T.);
#1321 = ORIENTED_EDGE('',*,*,#1322,.F.);
#1322 = EDGE_CURVE('',#1323,#582,#1325,.T.);
#1323 = VERTEX_POINT('',#1324);
#1324 = CARTESIAN_POINT('',(174.25,96.486487828081,52.));
#1325 = LINE('',#1326,#1327);
#1326 = CARTESIAN_POINT('',(174.25,96.486487828081,52.));
#1327 = VECTOR('',#1328,1.);
#1328 = DIRECTION('',(1.,0.,-1.110223024625E-16));
#1329 = ORIENTED_EDGE('',*,*,#1330,.F.);
#1330 = EDGE_CURVE('',#1331,#1323,#1333,.T.);
#1331 = VERTEX_POINT('',#1332);
#1332 = CARTESIAN_POINT('',(174.25,94.486487828081,52.));
#1333 = LINE('',#1334,#1335);
#1334 = CARTESIAN_POINT('',(174.25,-96.48648782808,52.));
#1335 = VECTOR('',#1336,1.);
#1336 = DIRECTION('',(0.,1.,0.));
#1337 = ORIENTED_EDGE('',*,*,#1338,.T.);
#1338 = EDGE_CURVE('',#1331,#1339,#1341,.T.);
#1339 = VERTEX_POINT('',#1340);
#1340 = CARTESIAN_POINT('',(-174.25,94.486487828081,52.));
#1341 = LINE('',#1342,#1343);
#1342 = CARTESIAN_POINT('',(174.25,94.486487828081,52.));
#1343 = VECTOR('',#1344,1.);
#1344 = DIRECTION('',(-1.,0.,0.));
#1345 = ORIENTED_EDGE('',*,*,#1346,.F.);
#1346 = EDGE_CURVE('',#1298,#1339,#1347,.T.);
#1347 = LINE('',#1348,#1349);
#1348 = CARTESIAN_POINT('',(-174.25,96.486487828081,52.));
#1349 = VECTOR('',#1350,1.);
#1350 = DIRECTION('',(0.,-1.,0.));
#1351 = FACE_BOUND('',#1352,.T.);
#1352 = EDGE_LOOP('',(#1353));
#1353 = ORIENTED_EDGE('',*,*,#1354,.F.);
#1354 = EDGE_CURVE('',#1355,#1355,#1357,.T.);
#1355 = VERTEX_POINT('',#1356);
#1356 = CARTESIAN_POINT('',(-164.25,88.,52.));
#1357 = CIRCLE('',#1358,2.5);
#1358 = AXIS2_PLACEMENT_3D('',#1359,#1360,#1361);
#1359 = CARTESIAN_POINT('',(-166.75,88.,52.));
#1360 = DIRECTION('',(0.,0.,1.));
#1361 = DIRECTION('',(1.,0.,0.));
#1362 = FACE_BOUND('',#1363,.T.);
#1363 = EDGE_LOOP('',(#1364));
#1364 = ORIENTED_EDGE('',*,*,#1365,.F.);
#1365 = EDGE_CURVE('',#1366,#1366,#1368,.T.);
#1366 = VERTEX_POINT('',#1367);
#1367 = CARTESIAN_POINT('',(2.5,88.,52.));
#1368 = CIRCLE('',#1369,2.5);
#1369 = AXIS2_PLACEMENT_3D('',#1370,#1371,#1372);
#1370 = CARTESIAN_POINT('',(-5.773159728051E-15,88.,52.));
#1371 = DIRECTION('',(0.,0.,1.));
#1372 = DIRECTION('',(1.,0.,0.));
#1373 = FACE_BOUND('',#1374,.T.);
#1374 = EDGE_LOOP('',(#1375));
#1375 = ORIENTED_EDGE('',*,*,#1376,.F.);
#1376 = EDGE_CURVE('',#1377,#1377,#1379,.T.);
#1377 = VERTEX_POINT('',#1378);
#1378 = CARTESIAN_POINT('',(169.25,88.,52.));
#1379 = CIRCLE('',#1380,2.5);
#1380 = AXIS2_PLACEMENT_3D('',#1381,#1382,#1383);
#1381 = CARTESIAN_POINT('',(166.75,88.,52.));
#1382 = DIRECTION('',(0.,0.,1.));
#1383 = DIRECTION('',(1.,0.,0.));
#1384 = PLANE('',#1385);
#1385 = AXIS2_PLACEMENT_3D('',#1386,#1387,#1388);
#1386 = CARTESIAN_POINT('',(-3.074774395453E-14,86.975682799998,52.));
#1387 = DIRECTION('',(0.,8.48046889188E-16,1.));
#1388 = DIRECTION('',(0.,1.,-8.48046889188E-16));
#1389 = ADVANCED_FACE('',(#1390,#1433,#1444,#1514,#1525,#1536,#1547,
    #1558,#1569,#1580),#1591,.T.);
#1390 = FACE_BOUND('',#1391,.T.);
#1391 = EDGE_LOOP('',(#1392,#1402,#1408,#1409,#1410,#1418,#1424,#1425,
    #1426,#1427));
#1392 = ORIENTED_EDGE('',*,*,#1393,.F.);
#1393 = EDGE_CURVE('',#1394,#1396,#1398,.T.);
#1394 = VERTEX_POINT('',#1395);
#1395 = CARTESIAN_POINT('',(174.25,96.486487828081,50.));
#1396 = VERTEX_POINT('',#1397);
#1397 = CARTESIAN_POINT('',(-174.25,96.486487828081,50.));
#1398 = LINE('',#1399,#1400);
#1399 = CARTESIAN_POINT('',(174.25,96.486487828081,50.));
#1400 = VECTOR('',#1401,1.);
#1401 = DIRECTION('',(-1.,0.,0.));
#1402 = ORIENTED_EDGE('',*,*,#1403,.F.);
#1403 = EDGE_CURVE('',#1323,#1394,#1404,.T.);
#1404 = LINE('',#1405,#1406);
#1405 = CARTESIAN_POINT('',(174.25,96.486487828081,52.));
#1406 = VECTOR('',#1407,1.);
#1407 = DIRECTION('',(-1.110223024625E-16,0.,-1.));
#1408 = ORIENTED_EDGE('',*,*,#1322,.T.);
#1409 = ORIENTED_EDGE('',*,*,#589,.T.);
#1410 = ORIENTED_EDGE('',*,*,#1411,.T.);
#1411 = EDGE_CURVE('',#590,#1412,#1414,.T.);
#1412 = VERTEX_POINT('',#1413);
#1413 = CARTESIAN_POINT('',(173.25,96.486487828081,2.));
#1414 = LINE('',#1415,#1416);
#1415 = CARTESIAN_POINT('',(175.25,96.486487828081,2.));
#1416 = VECTOR('',#1417,1.);
#1417 = DIRECTION('',(-1.,0.,1.110223024625E-16));
#1418 = ORIENTED_EDGE('',*,*,#1419,.T.);
#1419 = EDGE_CURVE('',#1412,#1054,#1420,.T.);
#1420 = LINE('',#1421,#1422);
#1421 = CARTESIAN_POINT('',(173.25,96.486487828081,2.));
#1422 = VECTOR('',#1423,1.);
#1423 = DIRECTION('',(-1.,0.,0.));
#1424 = ORIENTED_EDGE('',*,*,#1053,.F.);
#1425 = ORIENTED_EDGE('',*,*,#304,.T.);
#1426 = ORIENTED_EDGE('',*,*,#1297,.F.);
#1427 = ORIENTED_EDGE('',*,*,#1428,.F.);
#1428 = EDGE_CURVE('',#1396,#1298,#1429,.T.);
#1429 = LINE('',#1430,#1431);
#1430 = CARTESIAN_POINT('',(-174.25,96.486487828081,2.));
#1431 = VECTOR('',#1432,1.);
#1432 = DIRECTION('',(-1.110223024625E-16,0.,1.));
#1433 = FACE_BOUND('',#1434,.T.);
#1434 = EDGE_LOOP('',(#1435));
#1435 = ORIENTED_EDGE('',*,*,#1436,.F.);
#1436 = EDGE_CURVE('',#1437,#1437,#1439,.T.);
#1437 = VERTEX_POINT('',#1438);
#1438 = CARTESIAN_POINT('',(-157.5,96.486487828081,17.));
#1439 = CIRCLE('',#1440,1.5);
#1440 = AXIS2_PLACEMENT_3D('',#1441,#1442,#1443);
#1441 = CARTESIAN_POINT('',(-156.,96.486487828081,17.));
#1442 = DIRECTION('',(0.,1.,-2.22044604925E-16));
#1443 = DIRECTION('',(-1.,0.,0.));
#1444 = FACE_BOUND('',#1445,.T.);
#1445 = EDGE_LOOP('',(#1446,#1456,#1465,#1473,#1482,#1490,#1499,#1507));
#1446 = ORIENTED_EDGE('',*,*,#1447,.F.);
#1447 = EDGE_CURVE('',#1448,#1450,#1452,.T.);
#1448 = VERTEX_POINT('',#1449);
#1449 = CARTESIAN_POINT('',(-124.25,96.486487828081,23.));
#1450 = VERTEX_POINT('',#1451);
#1451 = CARTESIAN_POINT('',(-124.25,96.486487828081,11.));
#1452 = LINE('',#1453,#1454);
#1453 = CARTESIAN_POINT('',(-124.25,96.486487828081,23.));
#1454 = VECTOR('',#1455,1.);
#1455 = DIRECTION('',(0.,-2.22044604925E-16,-1.));
#1456 = ORIENTED_EDGE('',*,*,#1457,.F.);
#1457 = EDGE_CURVE('',#1458,#1448,#1460,.T.);
#1458 = VERTEX_POINT('',#1459);
#1459 = CARTESIAN_POINT('',(-128.25,96.486487828081,27.));
#1460 = CIRCLE('',#1461,4.);
#1461 = AXIS2_PLACEMENT_3D('',#1462,#1463,#1464);
#1462 = CARTESIAN_POINT('',(-128.25,96.486487828081,23.));
#1463 = DIRECTION('',(0.,1.,-2.22044604925E-16));
#1464 = DIRECTION('',(-1.,0.,0.));
#1465 = ORIENTED_EDGE('',*,*,#1466,.F.);
#1466 = EDGE_CURVE('',#1467,#1458,#1469,.T.);
#1467 = VERTEX_POINT('',#1468);
#1468 = CARTESIAN_POINT('',(-147.75,96.486487828081,27.));
#1469 = LINE('',#1470,#1471);
#1470 = CARTESIAN_POINT('',(-147.75,96.486487828081,27.));
#1471 = VECTOR('',#1472,1.);
#1472 = DIRECTION('',(1.,0.,0.));
#1473 = ORIENTED_EDGE('',*,*,#1474,.F.);
#1474 = EDGE_CURVE('',#1475,#1467,#1477,.T.);
#1475 = VERTEX_POINT('',#1476);
#1476 = CARTESIAN_POINT('',(-151.75,96.486487828081,23.));
#1477 = CIRCLE('',#1478,4.);
#1478 = AXIS2_PLACEMENT_3D('',#1479,#1480,#1481);
#1479 = CARTESIAN_POINT('',(-147.75,96.486487828081,23.));
#1480 = DIRECTION('',(0.,1.,-2.22044604925E-16));
#1481 = DIRECTION('',(-1.,0.,0.));
#1482 = ORIENTED_EDGE('',*,*,#1483,.F.);
#1483 = EDGE_CURVE('',#1484,#1475,#1486,.T.);
#1484 = VERTEX_POINT('',#1485);
#1485 = CARTESIAN_POINT('',(-151.75,96.486487828081,11.));
#1486 = LINE('',#1487,#1488);
#1487 = CARTESIAN_POINT('',(-151.75,96.486487828081,11.));
#1488 = VECTOR('',#1489,1.);
#1489 = DIRECTION('',(0.,2.22044604925E-16,1.));
#1490 = ORIENTED_EDGE('',*,*,#1491,.F.);
#1491 = EDGE_CURVE('',#1492,#1484,#1494,.T.);
#1492 = VERTEX_POINT('',#1493);
#1493 = CARTESIAN_POINT('',(-147.75,96.486487828081,7.));
#1494 = CIRCLE('',#1495,4.);
#1495 = AXIS2_PLACEMENT_3D('',#1496,#1497,#1498);
#1496 = CARTESIAN_POINT('',(-147.75,96.486487828081,11.));
#1497 = DIRECTION('',(0.,1.,-2.22044604925E-16));
#1498 = DIRECTION('',(-1.,0.,0.));
#1499 = ORIENTED_EDGE('',*,*,#1500,.F.);
#1500 = EDGE_CURVE('',#1501,#1492,#1503,.T.);
#1501 = VERTEX_POINT('',#1502);
#1502 = CARTESIAN_POINT('',(-128.25,96.486487828081,7.));
#1503 = LINE('',#1504,#1505);
#1504 = CARTESIAN_POINT('',(-128.25,96.486487828081,7.));
#1505 = VECTOR('',#1506,1.);
#1506 = DIRECTION('',(-1.,0.,0.));
#1507 = ORIENTED_EDGE('',*,*,#1508,.F.);
#1508 = EDGE_CURVE('',#1450,#1501,#1509,.T.);
#1509 = CIRCLE('',#1510,4.);
#1510 = AXIS2_PLACEMENT_3D('',#1511,#1512,#1513);
#1511 = CARTESIAN_POINT('',(-128.25,96.486487828081,11.));
#1512 = DIRECTION('',(0.,1.,-2.22044604925E-16));
#1513 = DIRECTION('',(-1.,0.,0.));
#1514 = FACE_BOUND('',#1515,.T.);
#1515 = EDGE_LOOP('',(#1516));
#1516 = ORIENTED_EDGE('',*,*,#1517,.F.);
#1517 = EDGE_CURVE('',#1518,#1518,#1520,.T.);
#1518 = VERTEX_POINT('',#1519);
#1519 = CARTESIAN_POINT('',(-121.5,96.486487828081,17.));
#1520 = CIRCLE('',#1521,1.5);
#1521 = AXIS2_PLACEMENT_3D('',#1522,#1523,#1524);
#1522 = CARTESIAN_POINT('',(-120.,96.486487828081,17.));
#1523 = DIRECTION('',(0.,1.,-2.22044604925E-16));
#1524 = DIRECTION('',(-1.,0.,0.));
#1525 = FACE_BOUND('',#1526,.T.);
#1526 = EDGE_LOOP('',(#1527));
#1527 = ORIENTED_EDGE('',*,*,#1528,.F.);
#1528 = EDGE_CURVE('',#1529,#1529,#1531,.T.);
#1529 = VERTEX_POINT('',#1530);
#1530 = CARTESIAN_POINT('',(-144.,96.486487828081,39.));
#1531 = CIRCLE('',#1532,6.);
#1532 = AXIS2_PLACEMENT_3D('',#1533,#1534,#1535);
#1533 = CARTESIAN_POINT('',(-138.,96.486487828081,39.));
#1534 = DIRECTION('',(0.,1.,-2.22044604925E-16));
#1535 = DIRECTION('',(-1.,0.,0.));
#1536 = FACE_BOUND('',#1537,.T.);
#1537 = EDGE_LOOP('',(#1538));
#1538 = ORIENTED_EDGE('',*,*,#1539,.F.);
#1539 = EDGE_CURVE('',#1540,#1540,#1542,.T.);
#1540 = VERTEX_POINT('',#1541);
#1541 = CARTESIAN_POINT('',(77.95,96.486487828081,13.));
#1542 = CIRCLE('',#1543,1.55);
#1543 = AXIS2_PLACEMENT_3D('',#1544,#1545,#1546);
#1544 = CARTESIAN_POINT('',(79.5,96.486487828081,13.));
#1545 = DIRECTION('',(0.,1.,-2.22044604925E-16));
#1546 = DIRECTION('',(-1.,0.,0.));
#1547 = FACE_BOUND('',#1548,.T.);
#1548 = EDGE_LOOP('',(#1549));
#1549 = ORIENTED_EDGE('',*,*,#1550,.F.);
#1550 = EDGE_CURVE('',#1551,#1551,#1553,.T.);
#1551 = VERTEX_POINT('',#1552);
#1552 = CARTESIAN_POINT('',(58.2,96.486487828081,25.));
#1553 = CIRCLE('',#1554,11.8);
#1554 = AXIS2_PLACEMENT_3D('',#1555,#1556,#1557);
#1555 = CARTESIAN_POINT('',(70.,96.486487828081,25.));
#1556 = DIRECTION('',(0.,1.,-2.22044604925E-16));
#1557 = DIRECTION('',(-1.,0.,0.));
#1558 = FACE_BOUND('',#1559,.T.);
#1559 = EDGE_LOOP('',(#1560));
#1560 = ORIENTED_EDGE('',*,*,#1561,.F.);
#1561 = EDGE_CURVE('',#1562,#1562,#1564,.T.);
#1562 = VERTEX_POINT('',#1563);
#1563 = CARTESIAN_POINT('',(110.,96.486487828081,25.));
#1564 = CIRCLE('',#1565,10.);
#1565 = AXIS2_PLACEMENT_3D('',#1566,#1567,#1568);
#1566 = CARTESIAN_POINT('',(120.,96.486487828081,25.));
#1567 = DIRECTION('',(0.,1.,-2.22044604925E-16));
#1568 = DIRECTION('',(-1.,0.,0.));
#1569 = FACE_BOUND('',#1570,.T.);
#1570 = EDGE_LOOP('',(#1571));
#1571 = ORIENTED_EDGE('',*,*,#1572,.F.);
#1572 = EDGE_CURVE('',#1573,#1573,#1575,.T.);
#1573 = VERTEX_POINT('',#1574);
#1574 = CARTESIAN_POINT('',(140.,96.486487828081,25.));
#1575 = CIRCLE('',#1576,10.);
#1576 = AXIS2_PLACEMENT_3D('',#1577,#1578,#1579);
#1577 = CARTESIAN_POINT('',(150.,96.486487828081,25.));
#1578 = DIRECTION('',(0.,1.,-2.22044604925E-16));
#1579 = DIRECTION('',(-1.,0.,0.));
#1580 = FACE_BOUND('',#1581,.T.);
#1581 = EDGE_LOOP('',(#1582));
#1582 = ORIENTED_EDGE('',*,*,#1583,.F.);
#1583 = EDGE_CURVE('',#1584,#1584,#1586,.T.);
#1584 = VERTEX_POINT('',#1585);
#1585 = CARTESIAN_POINT('',(58.95,96.486487828081,37.));
#1586 = CIRCLE('',#1587,1.55);
#1587 = AXIS2_PLACEMENT_3D('',#1588,#1589,#1590);
#1588 = CARTESIAN_POINT('',(60.5,96.486487828081,37.));
#1589 = DIRECTION('',(0.,1.,-2.22044604925E-16));
#1590 = DIRECTION('',(-1.,0.,0.));
#1591 = PLANE('',#1592);
#1592 = AXIS2_PLACEMENT_3D('',#1593,#1594,#1595);
#1593 = CARTESIAN_POINT('',(4.519228331791E-15,96.486487828081,
    26.253416149068));
#1594 = DIRECTION('',(0.,1.,0.));
#1595 = DIRECTION('',(0.,0.,1.));
#1596 = ADVANCED_FACE('',(#1597),#1616,.F.);
#1597 = FACE_BOUND('',#1598,.F.);
#1598 = EDGE_LOOP('',(#1599,#1600,#1601,#1610));
#1599 = ORIENTED_EDGE('',*,*,#1107,.T.);
#1600 = ORIENTED_EDGE('',*,*,#402,.T.);
#1601 = ORIENTED_EDGE('',*,*,#1602,.F.);
#1602 = EDGE_CURVE('',#1603,#403,#1605,.T.);
#1603 = VERTEX_POINT('',#1604);
#1604 = CARTESIAN_POINT('',(-173.25,-94.48648782808,1.));
#1605 = CIRCLE('',#1606,1.);
#1606 = AXIS2_PLACEMENT_3D('',#1607,#1608,#1609);
#1607 = CARTESIAN_POINT('',(-173.25,-94.48648782808,2.));
#1608 = DIRECTION('',(0.,1.,0.));
#1609 = DIRECTION('',(0.,0.,-1.));
#1610 = ORIENTED_EDGE('',*,*,#1611,.F.);
#1611 = EDGE_CURVE('',#441,#1603,#1612,.T.);
#1612 = LINE('',#1613,#1614);
#1613 = CARTESIAN_POINT('',(-173.25,-94.48648782808,0.));
#1614 = VECTOR('',#1615,1.);
#1615 = DIRECTION('',(0.,0.,1.));
#1616 = PLANE('',#1617);
#1617 = AXIS2_PLACEMENT_3D('',#1618,#1619,#1620);
#1618 = CARTESIAN_POINT('',(-173.25,-94.48648782808,2.));
#1619 = DIRECTION('',(0.,1.,0.));
#1620 = DIRECTION('',(0.,0.,-1.));
#1621 = ADVANCED_FACE('',(#1622),#1640,.T.);
#1622 = FACE_BOUND('',#1623,.T.);
#1623 = EDGE_LOOP('',(#1624,#1625,#1626,#1632,#1633,#1634));
#1624 = ORIENTED_EDGE('',*,*,#880,.T.);
#1625 = ORIENTED_EDGE('',*,*,#482,.T.);
#1626 = ORIENTED_EDGE('',*,*,#1627,.T.);
#1627 = EDGE_CURVE('',#475,#419,#1628,.T.);
#1628 = LINE('',#1629,#1630);
#1629 = CARTESIAN_POINT('',(173.25,-95.48648782808,2.));
#1630 = VECTOR('',#1631,1.);
#1631 = DIRECTION('',(-1.,0.,0.));
#1632 = ORIENTED_EDGE('',*,*,#418,.T.);
#1633 = ORIENTED_EDGE('',*,*,#653,.T.);
#1634 = ORIENTED_EDGE('',*,*,#1635,.F.);
#1635 = EDGE_CURVE('',#881,#645,#1636,.T.);
#1636 = LINE('',#1637,#1638);
#1637 = CARTESIAN_POINT('',(174.25,-95.48648782808,50.));
#1638 = VECTOR('',#1639,1.);
#1639 = DIRECTION('',(-1.,0.,0.));
#1640 = PLANE('',#1641);
#1641 = AXIS2_PLACEMENT_3D('',#1642,#1643,#1644);
#1642 = CARTESIAN_POINT('',(4.56459072408E-14,-95.48648782808,27.));
#1643 = DIRECTION('',(0.,1.,1.110223024625E-16));
#1644 = DIRECTION('',(1.,0.,0.));
#1645 = ADVANCED_FACE('',(#1646),#1658,.T.);
#1646 = FACE_BOUND('',#1647,.F.);
#1647 = EDGE_LOOP('',(#1648,#1655,#1656,#1657));
#1648 = ORIENTED_EDGE('',*,*,#1649,.T.);
#1649 = EDGE_CURVE('',#1603,#419,#1650,.T.);
#1650 = CIRCLE('',#1651,1.);
#1651 = AXIS2_PLACEMENT_3D('',#1652,#1653,#1654);
#1652 = CARTESIAN_POINT('',(-173.25,-94.48648782808,2.));
#1653 = DIRECTION('',(-1.,-0.,-0.));
#1654 = DIRECTION('',(0.,0.,-1.));
#1655 = ORIENTED_EDGE('',*,*,#426,.T.);
#1656 = ORIENTED_EDGE('',*,*,#440,.F.);
#1657 = ORIENTED_EDGE('',*,*,#1611,.T.);
#1658 = PLANE('',#1659);
#1659 = AXIS2_PLACEMENT_3D('',#1660,#1661,#1662);
#1660 = CARTESIAN_POINT('',(-173.25,-94.48648782808,2.));
#1661 = DIRECTION('',(-1.,-0.,-0.));
#1662 = DIRECTION('',(-0.,-0.,-1.));
#1663 = ADVANCED_FACE('',(#1664),#1683,.F.);
#1664 = FACE_BOUND('',#1665,.F.);
#1665 = EDGE_LOOP('',(#1666,#1667,#1668,#1677));
#1666 = ORIENTED_EDGE('',*,*,#450,.T.);
#1667 = ORIENTED_EDGE('',*,*,#474,.T.);
#1668 = ORIENTED_EDGE('',*,*,#1669,.F.);
#1669 = EDGE_CURVE('',#1670,#475,#1672,.T.);
#1670 = VERTEX_POINT('',#1671);
#1671 = CARTESIAN_POINT('',(173.25,-94.48648782808,1.));
#1672 = CIRCLE('',#1673,1.);
#1673 = AXIS2_PLACEMENT_3D('',#1674,#1675,#1676);
#1674 = CARTESIAN_POINT('',(173.25,-94.48648782808,2.));
#1675 = DIRECTION('',(-1.,-0.,-0.));
#1676 = DIRECTION('',(0.,0.,-1.));
#1677 = ORIENTED_EDGE('',*,*,#1678,.T.);
#1678 = EDGE_CURVE('',#1670,#451,#1679,.T.);
#1679 = LINE('',#1680,#1681);
#1680 = CARTESIAN_POINT('',(173.25,-94.48648782808,1.));
#1681 = VECTOR('',#1682,1.);
#1682 = DIRECTION('',(0.,0.,-1.));
#1683 = PLANE('',#1684);
#1684 = AXIS2_PLACEMENT_3D('',#1685,#1686,#1687);
#1685 = CARTESIAN_POINT('',(173.25,-94.48648782808,2.));
#1686 = DIRECTION('',(-1.,-0.,-0.));
#1687 = DIRECTION('',(0.,0.,-1.));
#1688 = ADVANCED_FACE('',(#1689,#1707,#1718,#1729,#1740,#1776,#1812,
    #1823,#1859,#1895,#1906,#1917,#1928,#1939,#1950,#1961,#1972),#1983,
  .F.);
#1689 = FACE_BOUND('',#1690,.F.);
#1690 = EDGE_LOOP('',(#1691,#1692,#1693,#1701));
#1691 = ORIENTED_EDGE('',*,*,#1091,.T.);
#1692 = ORIENTED_EDGE('',*,*,#459,.T.);
#1693 = ORIENTED_EDGE('',*,*,#1694,.T.);
#1694 = EDGE_CURVE('',#451,#1695,#1697,.T.);
#1695 = VERTEX_POINT('',#1696);
#1696 = CARTESIAN_POINT('',(173.25,94.486487828081,0.));
#1697 = LINE('',#1698,#1699);
#1698 = CARTESIAN_POINT('',(173.25,-96.48648782808,0.));
#1699 = VECTOR('',#1700,1.);
#1700 = DIRECTION('',(0.,1.,0.));
#1701 = ORIENTED_EDGE('',*,*,#1702,.T.);
#1702 = EDGE_CURVE('',#1695,#1092,#1703,.T.);
#1703 = LINE('',#1704,#1705);
#1704 = CARTESIAN_POINT('',(177.25,94.486487828081,0.));
#1705 = VECTOR('',#1706,1.);
#1706 = DIRECTION('',(-1.,0.,0.));
#1707 = FACE_BOUND('',#1708,.F.);
#1708 = EDGE_LOOP('',(#1709));
#1709 = ORIENTED_EDGE('',*,*,#1710,.F.);
#1710 = EDGE_CURVE('',#1711,#1711,#1713,.T.);
#1711 = VERTEX_POINT('',#1712);
#1712 = CARTESIAN_POINT('',(-153.75,-76.48648782808,0.));
#1713 = CIRCLE('',#1714,1.5);
#1714 = AXIS2_PLACEMENT_3D('',#1715,#1716,#1717);
#1715 = CARTESIAN_POINT('',(-155.25,-76.48648782808,0.));
#1716 = DIRECTION('',(0.,0.,1.));
#1717 = DIRECTION('',(1.,0.,0.));
#1718 = FACE_BOUND('',#1719,.F.);
#1719 = EDGE_LOOP('',(#1720));
#1720 = ORIENTED_EDGE('',*,*,#1721,.F.);
#1721 = EDGE_CURVE('',#1722,#1722,#1724,.T.);
#1722 = VERTEX_POINT('',#1723);
#1723 = CARTESIAN_POINT('',(-27.15,-76.08648782808,0.));
#1724 = CIRCLE('',#1725,1.5);
#1725 = AXIS2_PLACEMENT_3D('',#1726,#1727,#1728);
#1726 = CARTESIAN_POINT('',(-28.65,-76.08648782808,0.));
#1727 = DIRECTION('',(0.,0.,1.));
#1728 = DIRECTION('',(1.,0.,0.));
#1729 = FACE_BOUND('',#1730,.F.);
#1730 = EDGE_LOOP('',(#1731));
#1731 = ORIENTED_EDGE('',*,*,#1732,.F.);
#1732 = EDGE_CURVE('',#1733,#1733,#1735,.T.);
#1733 = VERTEX_POINT('',#1734);
#1734 = CARTESIAN_POINT('',(15.85,-76.08648782808,0.));
#1735 = CIRCLE('',#1736,1.5);
#1736 = AXIS2_PLACEMENT_3D('',#1737,#1738,#1739);
#1737 = CARTESIAN_POINT('',(14.35,-76.08648782808,0.));
#1738 = DIRECTION('',(0.,0.,1.));
#1739 = DIRECTION('',(1.,0.,0.));
#1740 = FACE_BOUND('',#1741,.F.);
#1741 = EDGE_LOOP('',(#1742,#1753,#1761,#1770));
#1742 = ORIENTED_EDGE('',*,*,#1743,.F.);
#1743 = EDGE_CURVE('',#1744,#1746,#1748,.T.);
#1744 = VERTEX_POINT('',#1745);
#1745 = CARTESIAN_POINT('',(56.1,-79.08648782808,0.));
#1746 = VERTEX_POINT('',#1747);
#1747 = CARTESIAN_POINT('',(56.1,-81.78648782808,0.));
#1748 = CIRCLE('',#1749,1.35);
#1749 = AXIS2_PLACEMENT_3D('',#1750,#1751,#1752);
#1750 = CARTESIAN_POINT('',(56.1,-80.43648782808,0.));
#1751 = DIRECTION('',(0.,0.,1.));
#1752 = DIRECTION('',(1.,0.,0.));
#1753 = ORIENTED_EDGE('',*,*,#1754,.T.);
#1754 = EDGE_CURVE('',#1744,#1755,#1757,.T.);
#1755 = VERTEX_POINT('',#1756);
#1756 = CARTESIAN_POINT('',(61.1,-79.08648782808,0.));
#1757 = LINE('',#1758,#1759);
#1758 = CARTESIAN_POINT('',(56.1,-79.08648782808,0.));
#1759 = VECTOR('',#1760,1.);
#1760 = DIRECTION('',(1.,0.,0.));
#1761 = ORIENTED_EDGE('',*,*,#1762,.F.);
#1762 = EDGE_CURVE('',#1763,#1755,#1765,.T.);
#1763 = VERTEX_POINT('',#1764);
#1764 = CARTESIAN_POINT('',(61.1,-81.78648782808,0.));
#1765 = CIRCLE('',#1766,1.35);
#1766 = AXIS2_PLACEMENT_3D('',#1767,#1768,#1769);
#1767 = CARTESIAN_POINT('',(61.1,-80.43648782808,0.));
#1768 = DIRECTION('',(0.,0.,1.));
#1769 = DIRECTION('',(1.,0.,0.));
#1770 = ORIENTED_EDGE('',*,*,#1771,.F.);
#1771 = EDGE_CURVE('',#1746,#1763,#1772,.T.);
#1772 = LINE('',#1773,#1774);
#1773 = CARTESIAN_POINT('',(56.1,-81.78648782808,0.));
#1774 = VECTOR('',#1775,1.);
#1775 = DIRECTION('',(1.,0.,0.));
#1776 = FACE_BOUND('',#1777,.F.);
#1777 = EDGE_LOOP('',(#1778,#1789,#1797,#1806));
#1778 = ORIENTED_EDGE('',*,*,#1779,.F.);
#1779 = EDGE_CURVE('',#1780,#1782,#1784,.T.);
#1780 = VERTEX_POINT('',#1781);
#1781 = CARTESIAN_POINT('',(105.1,-79.08648782808,0.));
#1782 = VERTEX_POINT('',#1783);
#1783 = CARTESIAN_POINT('',(105.1,-81.78648782808,0.));
#1784 = CIRCLE('',#1785,1.35);
#1785 = AXIS2_PLACEMENT_3D('',#1786,#1787,#1788);
#1786 = CARTESIAN_POINT('',(105.1,-80.43648782808,0.));
#1787 = DIRECTION('',(0.,0.,1.));
#1788 = DIRECTION('',(1.,0.,0.));
#1789 = ORIENTED_EDGE('',*,*,#1790,.T.);
#1790 = EDGE_CURVE('',#1780,#1791,#1793,.T.);
#1791 = VERTEX_POINT('',#1792);
#1792 = CARTESIAN_POINT('',(110.1,-79.08648782808,0.));
#1793 = LINE('',#1794,#1795);
#1794 = CARTESIAN_POINT('',(105.1,-79.08648782808,0.));
#1795 = VECTOR('',#1796,1.);
#1796 = DIRECTION('',(1.,0.,0.));
#1797 = ORIENTED_EDGE('',*,*,#1798,.F.);
#1798 = EDGE_CURVE('',#1799,#1791,#1801,.T.);
#1799 = VERTEX_POINT('',#1800);
#1800 = CARTESIAN_POINT('',(110.1,-81.78648782808,0.));
#1801 = CIRCLE('',#1802,1.35);
#1802 = AXIS2_PLACEMENT_3D('',#1803,#1804,#1805);
#1803 = CARTESIAN_POINT('',(110.1,-80.43648782808,0.));
#1804 = DIRECTION('',(0.,0.,1.));
#1805 = DIRECTION('',(1.,0.,0.));
#1806 = ORIENTED_EDGE('',*,*,#1807,.F.);
#1807 = EDGE_CURVE('',#1782,#1799,#1808,.T.);
#1808 = LINE('',#1809,#1810);
#1809 = CARTESIAN_POINT('',(105.1,-81.78648782808,0.));
#1810 = VECTOR('',#1811,1.);
#1811 = DIRECTION('',(1.,0.,0.));
#1812 = FACE_BOUND('',#1813,.F.);
#1813 = EDGE_LOOP('',(#1814));
#1814 = ORIENTED_EDGE('',*,*,#1815,.F.);
#1815 = EDGE_CURVE('',#1816,#1816,#1818,.T.);
#1816 = VERTEX_POINT('',#1817);
#1817 = CARTESIAN_POINT('',(156.75,-76.48648782808,0.));
#1818 = CIRCLE('',#1819,1.5);
#1819 = AXIS2_PLACEMENT_3D('',#1820,#1821,#1822);
#1820 = CARTESIAN_POINT('',(155.25,-76.48648782808,0.));
#1821 = DIRECTION('',(0.,0.,1.));
#1822 = DIRECTION('',(1.,0.,0.));
#1823 = FACE_BOUND('',#1824,.F.);
#1824 = EDGE_LOOP('',(#1825,#1836,#1844,#1853));
#1825 = ORIENTED_EDGE('',*,*,#1826,.F.);
#1826 = EDGE_CURVE('',#1827,#1829,#1831,.T.);
#1827 = VERTEX_POINT('',#1828);
#1828 = CARTESIAN_POINT('',(56.1,-21.08648782808,0.));
#1829 = VERTEX_POINT('',#1830);
#1830 = CARTESIAN_POINT('',(56.1,-23.78648782808,0.));
#1831 = CIRCLE('',#1832,1.35);
#1832 = AXIS2_PLACEMENT_3D('',#1833,#1834,#1835);
#1833 = CARTESIAN_POINT('',(56.1,-22.43648782808,0.));
#1834 = DIRECTION('',(0.,0.,1.));
#1835 = DIRECTION('',(1.,0.,0.));
#1836 = ORIENTED_EDGE('',*,*,#1837,.T.);
#1837 = EDGE_CURVE('',#1827,#1838,#1840,.T.);
#1838 = VERTEX_POINT('',#1839);
#1839 = CARTESIAN_POINT('',(61.1,-21.08648782808,0.));
#1840 = LINE('',#1841,#1842);
#1841 = CARTESIAN_POINT('',(56.1,-21.08648782808,0.));
#1842 = VECTOR('',#1843,1.);
#1843 = DIRECTION('',(1.,0.,0.));
#1844 = ORIENTED_EDGE('',*,*,#1845,.F.);
#1845 = EDGE_CURVE('',#1846,#1838,#1848,.T.);
#1846 = VERTEX_POINT('',#1847);
#1847 = CARTESIAN_POINT('',(61.1,-23.78648782808,0.));
#1848 = CIRCLE('',#1849,1.35);
#1849 = AXIS2_PLACEMENT_3D('',#1850,#1851,#1852);
#1850 = CARTESIAN_POINT('',(61.1,-22.43648782808,0.));
#1851 = DIRECTION('',(0.,0.,1.));
#1852 = DIRECTION('',(1.,0.,0.));
#1853 = ORIENTED_EDGE('',*,*,#1854,.F.);
#1854 = EDGE_CURVE('',#1829,#1846,#1855,.T.);
#1855 = LINE('',#1856,#1857);
#1856 = CARTESIAN_POINT('',(56.1,-23.78648782808,0.));
#1857 = VECTOR('',#1858,1.);
#1858 = DIRECTION('',(1.,0.,0.));
#1859 = FACE_BOUND('',#1860,.F.);
#1860 = EDGE_LOOP('',(#1861,#1872,#1880,#1889));
#1861 = ORIENTED_EDGE('',*,*,#1862,.F.);
#1862 = EDGE_CURVE('',#1863,#1865,#1867,.T.);
#1863 = VERTEX_POINT('',#1864);
#1864 = CARTESIAN_POINT('',(105.1,-21.08648782808,0.));
#1865 = VERTEX_POINT('',#1866);
#1866 = CARTESIAN_POINT('',(105.1,-23.78648782808,0.));
#1867 = CIRCLE('',#1868,1.35);
#1868 = AXIS2_PLACEMENT_3D('',#1869,#1870,#1871);
#1869 = CARTESIAN_POINT('',(105.1,-22.43648782808,0.));
#1870 = DIRECTION('',(0.,0.,1.));
#1871 = DIRECTION('',(1.,0.,0.));
#1872 = ORIENTED_EDGE('',*,*,#1873,.T.);
#1873 = EDGE_CURVE('',#1863,#1874,#1876,.T.);
#1874 = VERTEX_POINT('',#1875);
#1875 = CARTESIAN_POINT('',(110.1,-21.08648782808,0.));
#1876 = LINE('',#1877,#1878);
#1877 = CARTESIAN_POINT('',(105.1,-21.08648782808,0.));
#1878 = VECTOR('',#1879,1.);
#1879 = DIRECTION('',(1.,0.,0.));
#1880 = ORIENTED_EDGE('',*,*,#1881,.F.);
#1881 = EDGE_CURVE('',#1882,#1874,#1884,.T.);
#1882 = VERTEX_POINT('',#1883);
#1883 = CARTESIAN_POINT('',(110.1,-23.78648782808,0.));
#1884 = CIRCLE('',#1885,1.35);
#1885 = AXIS2_PLACEMENT_3D('',#1886,#1887,#1888);
#1886 = CARTESIAN_POINT('',(110.1,-22.43648782808,0.));
#1887 = DIRECTION('',(0.,0.,1.));
#1888 = DIRECTION('',(1.,0.,0.));
#1889 = ORIENTED_EDGE('',*,*,#1890,.F.);
#1890 = EDGE_CURVE('',#1865,#1882,#1891,.T.);
#1891 = LINE('',#1892,#1893);
#1892 = CARTESIAN_POINT('',(105.1,-23.78648782808,0.));
#1893 = VECTOR('',#1894,1.);
#1894 = DIRECTION('',(1.,0.,0.));
#1895 = FACE_BOUND('',#1896,.F.);
#1896 = EDGE_LOOP('',(#1897));
#1897 = ORIENTED_EDGE('',*,*,#1898,.F.);
#1898 = EDGE_CURVE('',#1899,#1899,#1901,.T.);
#1899 = VERTEX_POINT('',#1900);
#1900 = CARTESIAN_POINT('',(-27.15,13.913512171919,0.));
#1901 = CIRCLE('',#1902,1.5);
#1902 = AXIS2_PLACEMENT_3D('',#1903,#1904,#1905);
#1903 = CARTESIAN_POINT('',(-28.65,13.913512171919,0.));
#1904 = DIRECTION('',(0.,0.,1.));
#1905 = DIRECTION('',(1.,0.,0.));
#1906 = FACE_BOUND('',#1907,.F.);
#1907 = EDGE_LOOP('',(#1908));
#1908 = ORIENTED_EDGE('',*,*,#1909,.F.);
#1909 = EDGE_CURVE('',#1910,#1910,#1912,.T.);
#1910 = VERTEX_POINT('',#1911);
#1911 = CARTESIAN_POINT('',(-153.75,76.486487828081,0.));
#1912 = CIRCLE('',#1913,1.5);
#1913 = AXIS2_PLACEMENT_3D('',#1914,#1915,#1916);
#1914 = CARTESIAN_POINT('',(-155.25,76.486487828081,0.));
#1915 = DIRECTION('',(0.,0.,1.));
#1916 = DIRECTION('',(1.,0.,0.));
#1917 = FACE_BOUND('',#1918,.F.);
#1918 = EDGE_LOOP('',(#1919));
#1919 = ORIENTED_EDGE('',*,*,#1920,.F.);
#1920 = EDGE_CURVE('',#1921,#1921,#1923,.T.);
#1921 = VERTEX_POINT('',#1922);
#1922 = CARTESIAN_POINT('',(-27.15,44.136487828081,0.));
#1923 = CIRCLE('',#1924,1.5);
#1924 = AXIS2_PLACEMENT_3D('',#1925,#1926,#1927);
#1925 = CARTESIAN_POINT('',(-28.65,44.136487828081,0.));
#1926 = DIRECTION('',(0.,0.,1.));
#1927 = DIRECTION('',(1.,0.,0.));
#1928 = FACE_BOUND('',#1929,.F.);
#1929 = EDGE_LOOP('',(#1930));
#1930 = ORIENTED_EDGE('',*,*,#1931,.F.);
#1931 = EDGE_CURVE('',#1932,#1932,#1934,.T.);
#1932 = VERTEX_POINT('',#1933);
#1933 = CARTESIAN_POINT('',(-27.15,70.836487828081,0.));
#1934 = CIRCLE('',#1935,1.5);
#1935 = AXIS2_PLACEMENT_3D('',#1936,#1937,#1938);
#1936 = CARTESIAN_POINT('',(-28.65,70.836487828081,0.));
#1937 = DIRECTION('',(0.,0.,1.));
#1938 = DIRECTION('',(1.,0.,0.));
#1939 = FACE_BOUND('',#1940,.F.);
#1940 = EDGE_LOOP('',(#1941));
#1941 = ORIENTED_EDGE('',*,*,#1942,.F.);
#1942 = EDGE_CURVE('',#1943,#1943,#1945,.T.);
#1943 = VERTEX_POINT('',#1944);
#1944 = CARTESIAN_POINT('',(15.85,13.913512171919,0.));
#1945 = CIRCLE('',#1946,1.5);
#1946 = AXIS2_PLACEMENT_3D('',#1947,#1948,#1949);
#1947 = CARTESIAN_POINT('',(14.35,13.913512171919,0.));
#1948 = DIRECTION('',(0.,0.,1.));
#1949 = DIRECTION('',(1.,0.,0.));
#1950 = FACE_BOUND('',#1951,.F.);
#1951 = EDGE_LOOP('',(#1952));
#1952 = ORIENTED_EDGE('',*,*,#1953,.F.);
#1953 = EDGE_CURVE('',#1954,#1954,#1956,.T.);
#1954 = VERTEX_POINT('',#1955);
#1955 = CARTESIAN_POINT('',(31.45,44.136487828081,0.));
#1956 = CIRCLE('',#1957,1.5);
#1957 = AXIS2_PLACEMENT_3D('',#1958,#1959,#1960);
#1958 = CARTESIAN_POINT('',(29.95,44.136487828081,0.));
#1959 = DIRECTION('',(0.,0.,1.));
#1960 = DIRECTION('',(1.,0.,0.));
#1961 = FACE_BOUND('',#1962,.F.);
#1962 = EDGE_LOOP('',(#1963));
#1963 = ORIENTED_EDGE('',*,*,#1964,.F.);
#1964 = EDGE_CURVE('',#1965,#1965,#1967,.T.);
#1965 = VERTEX_POINT('',#1966);
#1966 = CARTESIAN_POINT('',(31.45,70.836487828081,0.));
#1967 = CIRCLE('',#1968,1.5);
#1968 = AXIS2_PLACEMENT_3D('',#1969,#1970,#1971);
#1969 = CARTESIAN_POINT('',(29.95,70.836487828081,0.));
#1970 = DIRECTION('',(0.,0.,1.));
#1971 = DIRECTION('',(1.,0.,0.));
#1972 = FACE_BOUND('',#1973,.F.);
#1973 = EDGE_LOOP('',(#1974));
#1974 = ORIENTED_EDGE('',*,*,#1975,.F.);
#1975 = EDGE_CURVE('',#1976,#1976,#1978,.T.);
#1976 = VERTEX_POINT('',#1977);
#1977 = CARTESIAN_POINT('',(156.75,76.486487828081,0.));
#1978 = CIRCLE('',#1979,1.5);
#1979 = AXIS2_PLACEMENT_3D('',#1980,#1981,#1982);
#1980 = CARTESIAN_POINT('',(155.25,76.486487828081,0.));
#1981 = DIRECTION('',(0.,0.,1.));
#1982 = DIRECTION('',(1.,0.,0.));
#1983 = PLANE('',#1984);
#1984 = AXIS2_PLACEMENT_3D('',#1985,#1986,#1987);
#1985 = CARTESIAN_POINT('',(4.640352940623,-2.31541634285,0.));
#1986 = DIRECTION('',(0.,0.,1.));
#1987 = DIRECTION('',(1.,0.,0.));
#1988 = ADVANCED_FACE('',(#1989),#2007,.T.);
#1989 = FACE_BOUND('',#1990,.F.);
#1990 = EDGE_LOOP('',(#1991,#1998,#1999,#2006));
#1991 = ORIENTED_EDGE('',*,*,#1992,.T.);
#1992 = EDGE_CURVE('',#1670,#491,#1993,.T.);
#1993 = CIRCLE('',#1994,1.);
#1994 = AXIS2_PLACEMENT_3D('',#1995,#1996,#1997);
#1995 = CARTESIAN_POINT('',(173.25,-94.48648782808,2.));
#1996 = DIRECTION('',(0.,-1.,0.));
#1997 = DIRECTION('',(0.,0.,-1.));
#1998 = ORIENTED_EDGE('',*,*,#498,.T.);
#1999 = ORIENTED_EDGE('',*,*,#2000,.F.);
#2000 = EDGE_CURVE('',#451,#499,#2001,.T.);
#2001 = CIRCLE('',#2002,2.);
#2002 = AXIS2_PLACEMENT_3D('',#2003,#2004,#2005);
#2003 = CARTESIAN_POINT('',(173.25,-94.48648782808,2.));
#2004 = DIRECTION('',(0.,-1.,0.));
#2005 = DIRECTION('',(0.,0.,-1.));
#2006 = ORIENTED_EDGE('',*,*,#1678,.F.);
#2007 = PLANE('',#2008);
#2008 = AXIS2_PLACEMENT_3D('',#2009,#2010,#2011);
#2009 = CARTESIAN_POINT('',(173.25,-94.48648782808,2.));
#2010 = DIRECTION('',(-0.,-1.,-0.));
#2011 = DIRECTION('',(-0.,-0.,-1.));
#2012 = ADVANCED_FACE('',(#2013),#2025,.T.);
#2013 = FACE_BOUND('',#2014,.F.);
#2014 = EDGE_LOOP('',(#2015,#2016,#2017,#2018));
#2015 = ORIENTED_EDGE('',*,*,#1694,.F.);
#2016 = ORIENTED_EDGE('',*,*,#2000,.T.);
#2017 = ORIENTED_EDGE('',*,*,#605,.T.);
#2018 = ORIENTED_EDGE('',*,*,#2019,.F.);
#2019 = EDGE_CURVE('',#1695,#598,#2020,.T.);
#2020 = CIRCLE('',#2021,2.);
#2021 = AXIS2_PLACEMENT_3D('',#2022,#2023,#2024);
#2022 = CARTESIAN_POINT('',(173.25,94.486487828081,2.));
#2023 = DIRECTION('',(0.,-1.,0.));
#2024 = DIRECTION('',(0.,0.,-1.));
#2025 = CYLINDRICAL_SURFACE('',#2026,2.);
#2026 = AXIS2_PLACEMENT_3D('',#2027,#2028,#2029);
#2027 = CARTESIAN_POINT('',(173.25,-96.48648782808,2.));
#2028 = DIRECTION('',(0.,1.,0.));
#2029 = DIRECTION('',(0.,0.,-1.));
#2030 = ADVANCED_FACE('',(#2031),#2056,.T.);
#2031 = FACE_BOUND('',#2032,.T.);
#2032 = EDGE_LOOP('',(#2033,#2041,#2047,#2048,#2049,#2055));
#2033 = ORIENTED_EDGE('',*,*,#2034,.F.);
#2034 = EDGE_CURVE('',#2035,#858,#2037,.T.);
#2035 = VERTEX_POINT('',#2036);
#2036 = CARTESIAN_POINT('',(173.25,95.486487828081,2.));
#2037 = LINE('',#2038,#2039);
#2038 = CARTESIAN_POINT('',(-174.25,95.486487828081,2.));
#2039 = VECTOR('',#2040,1.);
#2040 = DIRECTION('',(1.,0.,0.));
#2041 = ORIENTED_EDGE('',*,*,#2042,.T.);
#2042 = EDGE_CURVE('',#2035,#1412,#2043,.T.);
#2043 = LINE('',#2044,#2045);
#2044 = CARTESIAN_POINT('',(173.25,95.486487828081,2.));
#2045 = VECTOR('',#2046,1.);
#2046 = DIRECTION('',(0.,1.,-1.110223024625E-16));
#2047 = ORIENTED_EDGE('',*,*,#1411,.F.);
#2048 = ORIENTED_EDGE('',*,*,#597,.F.);
#2049 = ORIENTED_EDGE('',*,*,#2050,.T.);
#2050 = EDGE_CURVE('',#598,#866,#2051,.T.);
#2051 = LINE('',#2052,#2053);
#2052 = CARTESIAN_POINT('',(175.25,94.486487828081,2.));
#2053 = VECTOR('',#2054,1.);
#2054 = DIRECTION('',(-1.,0.,1.110223024625E-16));
#2055 = ORIENTED_EDGE('',*,*,#865,.F.);
#2056 = PLANE('',#2057);
#2057 = AXIS2_PLACEMENT_3D('',#2058,#2059,#2060);
#2058 = CARTESIAN_POINT('',(174.375,95.611487828081,2.));
#2059 = DIRECTION('',(-0.,-0.,-1.));
#2060 = DIRECTION('',(-1.,0.,0.));
#2061 = ADVANCED_FACE('',(#2062),#2073,.T.);
#2062 = FACE_BOUND('',#2063,.T.);
#2063 = EDGE_LOOP('',(#2064,#2065,#2066,#2072));
#2064 = ORIENTED_EDGE('',*,*,#1315,.F.);
#2065 = ORIENTED_EDGE('',*,*,#814,.T.);
#2066 = ORIENTED_EDGE('',*,*,#2067,.T.);
#2067 = EDGE_CURVE('',#817,#565,#2068,.T.);
#2068 = LINE('',#2069,#2070);
#2069 = CARTESIAN_POINT('',(174.25,77.286487828081,49.4));
#2070 = VECTOR('',#2071,1.);
#2071 = DIRECTION('',(1.,0.,0.));
#2072 = ORIENTED_EDGE('',*,*,#573,.T.);
#2073 = PLANE('',#2074);
#2074 = AXIS2_PLACEMENT_3D('',#2075,#2076,#2077);
#2075 = CARTESIAN_POINT('',(174.75,77.286487828081,50.7));
#2076 = DIRECTION('',(0.,-1.,2.041789470575E-15));
#2077 = DIRECTION('',(0.,-2.041789470575E-15,-1.));
#2078 = ADVANCED_FACE('',(#2079),#2090,.F.);
#2079 = FACE_BOUND('',#2080,.F.);
#2080 = EDGE_LOOP('',(#2081,#2082,#2083,#2089));
#2081 = ORIENTED_EDGE('',*,*,#2067,.T.);
#2082 = ORIENTED_EDGE('',*,*,#564,.T.);
#2083 = ORIENTED_EDGE('',*,*,#2084,.F.);
#2084 = EDGE_CURVE('',#939,#557,#2085,.T.);
#2085 = LINE('',#2086,#2087);
#2086 = CARTESIAN_POINT('',(174.25,76.486487828081,49.4));
#2087 = VECTOR('',#2088,1.);
#2088 = DIRECTION('',(1.,0.,0.));
#2089 = ORIENTED_EDGE('',*,*,#946,.F.);
#2090 = CYLINDRICAL_SURFACE('',#2091,0.4);
#2091 = AXIS2_PLACEMENT_3D('',#2092,#2093,#2094);
#2092 = CARTESIAN_POINT('',(174.25,76.886487828081,49.4));
#2093 = DIRECTION('',(-1.,0.,0.));
#2094 = DIRECTION('',(0.,1.,0.));
#2095 = ADVANCED_FACE('',(#2096),#2141,.T.);
#2096 = FACE_BOUND('',#2097,.T.);
#2097 = EDGE_LOOP('',(#2098,#2099,#2100,#2109,#2117,#2125,#2133,#2140));
#2098 = ORIENTED_EDGE('',*,*,#2084,.F.);
#2099 = ORIENTED_EDGE('',*,*,#938,.T.);
#2100 = ORIENTED_EDGE('',*,*,#2101,.T.);
#2101 = EDGE_CURVE('',#931,#2102,#2104,.T.);
#2102 = VERTEX_POINT('',#2103);
#2103 = CARTESIAN_POINT('',(173.25,76.486487828081,51.));
#2104 = CIRCLE('',#2105,1.);
#2105 = AXIS2_PLACEMENT_3D('',#2106,#2107,#2108);
#2106 = CARTESIAN_POINT('',(173.25,76.486487828081,50.));
#2107 = DIRECTION('',(0.,-1.,0.));
#2108 = DIRECTION('',(1.,0.,0.));
#2109 = ORIENTED_EDGE('',*,*,#2110,.F.);
#2110 = EDGE_CURVE('',#2111,#2102,#2113,.T.);
#2111 = VERTEX_POINT('',#2112);
#2112 = CARTESIAN_POINT('',(158.25,76.486487828081,51.));
#2113 = LINE('',#2114,#2115);
#2114 = CARTESIAN_POINT('',(158.25,76.486487828081,51.));
#2115 = VECTOR('',#2116,1.);
#2116 = DIRECTION('',(1.,0.,-1.110223024625E-16));
#2117 = ORIENTED_EDGE('',*,*,#2118,.T.);
#2118 = EDGE_CURVE('',#2111,#2119,#2121,.T.);
#2119 = VERTEX_POINT('',#2120);
#2120 = CARTESIAN_POINT('',(158.25,76.486487828081,52.));
#2121 = LINE('',#2122,#2123);
#2122 = CARTESIAN_POINT('',(158.25,76.486487828081,51.));
#2123 = VECTOR('',#2124,1.);
#2124 = DIRECTION('',(1.110223024625E-16,0.,1.));
#2125 = ORIENTED_EDGE('',*,*,#2126,.T.);
#2126 = EDGE_CURVE('',#2119,#2127,#2129,.T.);
#2127 = VERTEX_POINT('',#2128);
#2128 = CARTESIAN_POINT('',(173.25,76.486487828081,52.));
#2129 = LINE('',#2130,#2131);
#2130 = CARTESIAN_POINT('',(158.25,76.486487828081,52.));
#2131 = VECTOR('',#2132,1.);
#2132 = DIRECTION('',(1.,0.,-1.110223024625E-16));
#2133 = ORIENTED_EDGE('',*,*,#2134,.F.);
#2134 = EDGE_CURVE('',#549,#2127,#2135,.T.);
#2135 = CIRCLE('',#2136,2.);
#2136 = AXIS2_PLACEMENT_3D('',#2137,#2138,#2139);
#2137 = CARTESIAN_POINT('',(173.25,76.486487828081,50.));
#2138 = DIRECTION('',(0.,-1.,0.));
#2139 = DIRECTION('',(1.,0.,0.));
#2140 = ORIENTED_EDGE('',*,*,#556,.F.);
#2141 = PLANE('',#2142);
#2142 = AXIS2_PLACEMENT_3D('',#2143,#2144,#2145);
#2143 = CARTESIAN_POINT('',(167.12538112343,76.486487828081,
    51.330462276092));
#2144 = DIRECTION('',(0.,1.,0.));
#2145 = DIRECTION('',(0.,0.,1.));
#2146 = ADVANCED_FACE('',(#2147),#2166,.T.);
#2147 = FACE_BOUND('',#2148,.F.);
#2148 = EDGE_LOOP('',(#2149,#2158,#2164,#2165));
#2149 = ORIENTED_EDGE('',*,*,#2150,.T.);
#2150 = EDGE_CURVE('',#541,#2151,#2153,.T.);
#2151 = VERTEX_POINT('',#2152);
#2152 = CARTESIAN_POINT('',(173.25,-76.48648782808,52.));
#2153 = CIRCLE('',#2154,2.);
#2154 = AXIS2_PLACEMENT_3D('',#2155,#2156,#2157);
#2155 = CARTESIAN_POINT('',(173.25,-76.48648782808,50.));
#2156 = DIRECTION('',(0.,-1.,0.));
#2157 = DIRECTION('',(1.,0.,0.));
#2158 = ORIENTED_EDGE('',*,*,#2159,.T.);
#2159 = EDGE_CURVE('',#2151,#2127,#2160,.T.);
#2160 = LINE('',#2161,#2162);
#2161 = CARTESIAN_POINT('',(173.25,-76.48648782808,52.));
#2162 = VECTOR('',#2163,1.);
#2163 = DIRECTION('',(0.,1.,0.));
#2164 = ORIENTED_EDGE('',*,*,#2134,.F.);
#2165 = ORIENTED_EDGE('',*,*,#548,.F.);
#2166 = CYLINDRICAL_SURFACE('',#2167,2.);
#2167 = AXIS2_PLACEMENT_3D('',#2168,#2169,#2170);
#2168 = CARTESIAN_POINT('',(173.25,-76.48648782808,50.));
#2169 = DIRECTION('',(0.,1.,0.));
#2170 = DIRECTION('',(1.,0.,0.));
#2171 = ADVANCED_FACE('',(#2172),#2214,.T.);
#2172 = FACE_BOUND('',#2173,.T.);
#2173 = EDGE_LOOP('',(#2174,#2180,#2181,#2182,#2190,#2198,#2206,#2213));
#2174 = ORIENTED_EDGE('',*,*,#2175,.T.);
#2175 = EDGE_CURVE('',#914,#532,#2176,.T.);
#2176 = LINE('',#2177,#2178);
#2177 = CARTESIAN_POINT('',(174.25,-76.48648782808,49.4));
#2178 = VECTOR('',#2179,1.);
#2179 = DIRECTION('',(1.,0.,0.));
#2180 = ORIENTED_EDGE('',*,*,#540,.F.);
#2181 = ORIENTED_EDGE('',*,*,#2150,.T.);
#2182 = ORIENTED_EDGE('',*,*,#2183,.T.);
#2183 = EDGE_CURVE('',#2151,#2184,#2186,.T.);
#2184 = VERTEX_POINT('',#2185);
#2185 = CARTESIAN_POINT('',(158.25,-76.48648782808,52.));
#2186 = LINE('',#2187,#2188);
#2187 = CARTESIAN_POINT('',(173.25,-76.48648782808,52.));
#2188 = VECTOR('',#2189,1.);
#2189 = DIRECTION('',(-1.,0.,1.110223024625E-16));
#2190 = ORIENTED_EDGE('',*,*,#2191,.F.);
#2191 = EDGE_CURVE('',#2192,#2184,#2194,.T.);
#2192 = VERTEX_POINT('',#2193);
#2193 = CARTESIAN_POINT('',(158.25,-76.48648782808,51.));
#2194 = LINE('',#2195,#2196);
#2195 = CARTESIAN_POINT('',(158.25,-76.48648782808,51.));
#2196 = VECTOR('',#2197,1.);
#2197 = DIRECTION('',(1.110223024625E-16,0.,1.));
#2198 = ORIENTED_EDGE('',*,*,#2199,.F.);
#2199 = EDGE_CURVE('',#2200,#2192,#2202,.T.);
#2200 = VERTEX_POINT('',#2201);
#2201 = CARTESIAN_POINT('',(173.25,-76.48648782808,51.));
#2202 = LINE('',#2203,#2204);
#2203 = CARTESIAN_POINT('',(173.25,-76.48648782808,51.));
#2204 = VECTOR('',#2205,1.);
#2205 = DIRECTION('',(-1.,0.,1.110223024625E-16));
#2206 = ORIENTED_EDGE('',*,*,#2207,.F.);
#2207 = EDGE_CURVE('',#923,#2200,#2208,.T.);
#2208 = CIRCLE('',#2209,1.);
#2209 = AXIS2_PLACEMENT_3D('',#2210,#2211,#2212);
#2210 = CARTESIAN_POINT('',(173.25,-76.48648782808,50.));
#2211 = DIRECTION('',(0.,-1.,0.));
#2212 = DIRECTION('',(1.,0.,0.));
#2213 = ORIENTED_EDGE('',*,*,#922,.T.);
#2214 = PLANE('',#2215);
#2215 = AXIS2_PLACEMENT_3D('',#2216,#2217,#2218);
#2216 = CARTESIAN_POINT('',(167.12538112343,-76.48648782808,
    51.330462276092));
#2217 = DIRECTION('',(-0.,-1.,-0.));
#2218 = DIRECTION('',(0.,0.,-1.));
#2219 = ADVANCED_FACE('',(#2220),#2226,.F.);
#2220 = FACE_BOUND('',#2221,.F.);
#2221 = EDGE_LOOP('',(#2222,#2223,#2224,#2225));
#2222 = ORIENTED_EDGE('',*,*,#2175,.T.);
#2223 = ORIENTED_EDGE('',*,*,#531,.T.);
#2224 = ORIENTED_EDGE('',*,*,#790,.F.);
#2225 = ORIENTED_EDGE('',*,*,#913,.F.);
#2226 = CYLINDRICAL_SURFACE('',#2227,0.4);
#2227 = AXIS2_PLACEMENT_3D('',#2228,#2229,#2230);
#2228 = CARTESIAN_POINT('',(174.25,-76.88648782808,49.4));
#2229 = DIRECTION('',(-1.,0.,0.));
#2230 = DIRECTION('',(0.,1.,-1.7763568394E-14));
#2231 = ADVANCED_FACE('',(#2232),#2243,.F.);
#2232 = FACE_BOUND('',#2233,.F.);
#2233 = EDGE_LOOP('',(#2234,#2235,#2241,#2242));
#2234 = ORIENTED_EDGE('',*,*,#1141,.T.);
#2235 = ORIENTED_EDGE('',*,*,#2236,.T.);
#2236 = EDGE_CURVE('',#1142,#1240,#2237,.T.);
#2237 = LINE('',#2238,#2239);
#2238 = CARTESIAN_POINT('',(-173.25,-76.48648782808,51.));
#2239 = VECTOR('',#2240,1.);
#2240 = DIRECTION('',(0.,1.,0.));
#2241 = ORIENTED_EDGE('',*,*,#1247,.F.);
#2242 = ORIENTED_EDGE('',*,*,#742,.F.);
#2243 = CYLINDRICAL_SURFACE('',#2244,1.);
#2244 = AXIS2_PLACEMENT_3D('',#2245,#2246,#2247);
#2245 = CARTESIAN_POINT('',(-173.25,-76.48648782808,50.));
#2246 = DIRECTION('',(0.,1.,0.));
#2247 = DIRECTION('',(-1.,0.,0.));
#2248 = ADVANCED_FACE('',(#2249),#2260,.T.);
#2249 = FACE_BOUND('',#2250,.T.);
#2250 = EDGE_LOOP('',(#2251,#2252,#2253,#2254));
#2251 = ORIENTED_EDGE('',*,*,#832,.T.);
#2252 = ORIENTED_EDGE('',*,*,#1308,.T.);
#2253 = ORIENTED_EDGE('',*,*,#701,.F.);
#2254 = ORIENTED_EDGE('',*,*,#2255,.F.);
#2255 = EDGE_CURVE('',#833,#694,#2256,.T.);
#2256 = LINE('',#2257,#2258);
#2257 = CARTESIAN_POINT('',(174.25,79.486487828081,51.));
#2258 = VECTOR('',#2259,1.);
#2259 = DIRECTION('',(-1.,0.,0.));
#2260 = PLANE('',#2261);
#2261 = AXIS2_PLACEMENT_3D('',#2262,#2263,#2264);
#2262 = CARTESIAN_POINT('',(174.25,79.486487828081,51.));
#2263 = DIRECTION('',(0.,-1.,1.110223024625E-16));
#2264 = DIRECTION('',(-1.,0.,0.));
#2265 = ADVANCED_FACE('',(#2266,#2277,#2288,#2299),#2310,.T.);
#2266 = FACE_BOUND('',#2267,.T.);
#2267 = EDGE_LOOP('',(#2268,#2274,#2275,#2276));
#2268 = ORIENTED_EDGE('',*,*,#2269,.T.);
#2269 = EDGE_CURVE('',#685,#841,#2270,.T.);
#2270 = LINE('',#2271,#2272);
#2271 = CARTESIAN_POINT('',(-174.25,94.486487828081,51.));
#2272 = VECTOR('',#2273,1.);
#2273 = DIRECTION('',(1.,0.,0.));
#2274 = ORIENTED_EDGE('',*,*,#840,.T.);
#2275 = ORIENTED_EDGE('',*,*,#2255,.T.);
#2276 = ORIENTED_EDGE('',*,*,#693,.T.);
#2277 = FACE_BOUND('',#2278,.T.);
#2278 = EDGE_LOOP('',(#2279));
#2279 = ORIENTED_EDGE('',*,*,#2280,.F.);
#2280 = EDGE_CURVE('',#2281,#2281,#2283,.T.);
#2281 = VERTEX_POINT('',#2282);
#2282 = CARTESIAN_POINT('',(-164.25,88.,51.));
#2283 = CIRCLE('',#2284,2.5);
#2284 = AXIS2_PLACEMENT_3D('',#2285,#2286,#2287);
#2285 = CARTESIAN_POINT('',(-166.75,88.,51.));
#2286 = DIRECTION('',(0.,0.,-1.));
#2287 = DIRECTION('',(1.,0.,0.));
#2288 = FACE_BOUND('',#2289,.T.);
#2289 = EDGE_LOOP('',(#2290));
#2290 = ORIENTED_EDGE('',*,*,#2291,.F.);
#2291 = EDGE_CURVE('',#2292,#2292,#2294,.T.);
#2292 = VERTEX_POINT('',#2293);
#2293 = CARTESIAN_POINT('',(2.5,88.,51.));
#2294 = CIRCLE('',#2295,2.5);
#2295 = AXIS2_PLACEMENT_3D('',#2296,#2297,#2298);
#2296 = CARTESIAN_POINT('',(-5.773159728051E-15,88.,51.));
#2297 = DIRECTION('',(0.,0.,-1.));
#2298 = DIRECTION('',(1.,0.,0.));
#2299 = FACE_BOUND('',#2300,.T.);
#2300 = EDGE_LOOP('',(#2301));
#2301 = ORIENTED_EDGE('',*,*,#2302,.F.);
#2302 = EDGE_CURVE('',#2303,#2303,#2305,.T.);
#2303 = VERTEX_POINT('',#2304);
#2304 = CARTESIAN_POINT('',(169.25,88.,51.));
#2305 = CIRCLE('',#2306,2.5);
#2306 = AXIS2_PLACEMENT_3D('',#2307,#2308,#2309);
#2307 = CARTESIAN_POINT('',(166.75,88.,51.));
#2308 = DIRECTION('',(0.,0.,-1.));
#2309 = DIRECTION('',(1.,0.,0.));
#2310 = PLANE('',#2311);
#2311 = AXIS2_PLACEMENT_3D('',#2312,#2313,#2314);
#2312 = CARTESIAN_POINT('',(0.,86.986487828081,51.));
#2313 = DIRECTION('',(-0.,-1.110223024625E-16,-1.));
#2314 = DIRECTION('',(0.,1.,-1.110223024625E-16));
#2315 = ADVANCED_FACE('',(#2316),#2327,.F.);
#2316 = FACE_BOUND('',#2317,.F.);
#2317 = EDGE_LOOP('',(#2318,#2319,#2320,#2321));
#2318 = ORIENTED_EDGE('',*,*,#684,.T.);
#2319 = ORIENTED_EDGE('',*,*,#2269,.T.);
#2320 = ORIENTED_EDGE('',*,*,#848,.F.);
#2321 = ORIENTED_EDGE('',*,*,#2322,.F.);
#2322 = EDGE_CURVE('',#677,#849,#2323,.T.);
#2323 = LINE('',#2324,#2325);
#2324 = CARTESIAN_POINT('',(-174.25,95.486487828081,50.));
#2325 = VECTOR('',#2326,1.);
#2326 = DIRECTION('',(1.,0.,0.));
#2327 = CYLINDRICAL_SURFACE('',#2328,1.);
#2328 = AXIS2_PLACEMENT_3D('',#2329,#2330,#2331);
#2329 = CARTESIAN_POINT('',(-174.25,94.486487828081,50.));
#2330 = DIRECTION('',(1.,0.,0.));
#2331 = DIRECTION('',(0.,1.,0.));
#2332 = ADVANCED_FACE('',(#2333,#2346,#2357,#2427,#2438,#2449,#2460,
    #2471,#2482,#2493),#2504,.T.);
#2333 = FACE_BOUND('',#2334,.T.);
#2334 = EDGE_LOOP('',(#2335,#2336,#2337,#2343,#2344,#2345));
#2335 = ORIENTED_EDGE('',*,*,#676,.T.);
#2336 = ORIENTED_EDGE('',*,*,#1069,.T.);
#2337 = ORIENTED_EDGE('',*,*,#2338,.T.);
#2338 = EDGE_CURVE('',#1062,#2035,#2339,.T.);
#2339 = LINE('',#2340,#2341);
#2340 = CARTESIAN_POINT('',(-173.25,95.486487828081,2.));
#2341 = VECTOR('',#2342,1.);
#2342 = DIRECTION('',(1.,0.,0.));
#2343 = ORIENTED_EDGE('',*,*,#2034,.T.);
#2344 = ORIENTED_EDGE('',*,*,#857,.T.);
#2345 = ORIENTED_EDGE('',*,*,#2322,.F.);
#2346 = FACE_BOUND('',#2347,.T.);
#2347 = EDGE_LOOP('',(#2348));
#2348 = ORIENTED_EDGE('',*,*,#2349,.T.);
#2349 = EDGE_CURVE('',#2350,#2350,#2352,.T.);
#2350 = VERTEX_POINT('',#2351);
#2351 = CARTESIAN_POINT('',(-157.5,95.486487828081,17.));
#2352 = CIRCLE('',#2353,1.5);
#2353 = AXIS2_PLACEMENT_3D('',#2354,#2355,#2356);
#2354 = CARTESIAN_POINT('',(-156.,95.486487828081,17.));
#2355 = DIRECTION('',(0.,1.,-2.22044604925E-16));
#2356 = DIRECTION('',(-1.,0.,0.));
#2357 = FACE_BOUND('',#2358,.T.);
#2358 = EDGE_LOOP('',(#2359,#2369,#2378,#2386,#2395,#2403,#2412,#2420));
#2359 = ORIENTED_EDGE('',*,*,#2360,.F.);
#2360 = EDGE_CURVE('',#2361,#2363,#2365,.T.);
#2361 = VERTEX_POINT('',#2362);
#2362 = CARTESIAN_POINT('',(-124.25,95.486487828081,11.));
#2363 = VERTEX_POINT('',#2364);
#2364 = CARTESIAN_POINT('',(-124.25,95.486487828081,23.));
#2365 = LINE('',#2366,#2367);
#2366 = CARTESIAN_POINT('',(-124.25,95.486487828081,25.));
#2367 = VECTOR('',#2368,1.);
#2368 = DIRECTION('',(0.,1.110223024625E-16,1.));
#2369 = ORIENTED_EDGE('',*,*,#2370,.T.);
#2370 = EDGE_CURVE('',#2361,#2371,#2373,.T.);
#2371 = VERTEX_POINT('',#2372);
#2372 = CARTESIAN_POINT('',(-128.25,95.486487828081,7.));
#2373 = CIRCLE('',#2374,4.);
#2374 = AXIS2_PLACEMENT_3D('',#2375,#2376,#2377);
#2375 = CARTESIAN_POINT('',(-128.25,95.486487828081,11.));
#2376 = DIRECTION('',(0.,1.,-2.22044604925E-16));
#2377 = DIRECTION('',(-1.,0.,0.));
#2378 = ORIENTED_EDGE('',*,*,#2379,.F.);
#2379 = EDGE_CURVE('',#2380,#2371,#2382,.T.);
#2380 = VERTEX_POINT('',#2381);
#2381 = CARTESIAN_POINT('',(-147.75,95.486487828081,7.));
#2382 = LINE('',#2383,#2384);
#2383 = CARTESIAN_POINT('',(-64.125,95.486487828081,7.));
#2384 = VECTOR('',#2385,1.);
#2385 = DIRECTION('',(1.,0.,0.));
#2386 = ORIENTED_EDGE('',*,*,#2387,.T.);
#2387 = EDGE_CURVE('',#2380,#2388,#2390,.T.);
#2388 = VERTEX_POINT('',#2389);
#2389 = CARTESIAN_POINT('',(-151.75,95.486487828081,11.));
#2390 = CIRCLE('',#2391,4.);
#2391 = AXIS2_PLACEMENT_3D('',#2392,#2393,#2394);
#2392 = CARTESIAN_POINT('',(-147.75,95.486487828081,11.));
#2393 = DIRECTION('',(0.,1.,-2.22044604925E-16));
#2394 = DIRECTION('',(-1.,0.,0.));
#2395 = ORIENTED_EDGE('',*,*,#2396,.F.);
#2396 = EDGE_CURVE('',#2397,#2388,#2399,.T.);
#2397 = VERTEX_POINT('',#2398);
#2398 = CARTESIAN_POINT('',(-151.75,95.486487828081,23.));
#2399 = LINE('',#2400,#2401);
#2400 = CARTESIAN_POINT('',(-151.75,95.486487828081,19.));
#2401 = VECTOR('',#2402,1.);
#2402 = DIRECTION('',(-0.,-1.110223024625E-16,-1.));
#2403 = ORIENTED_EDGE('',*,*,#2404,.T.);
#2404 = EDGE_CURVE('',#2397,#2405,#2407,.T.);
#2405 = VERTEX_POINT('',#2406);
#2406 = CARTESIAN_POINT('',(-147.75,95.486487828081,27.));
#2407 = CIRCLE('',#2408,4.);
#2408 = AXIS2_PLACEMENT_3D('',#2409,#2410,#2411);
#2409 = CARTESIAN_POINT('',(-147.75,95.486487828081,23.));
#2410 = DIRECTION('',(0.,1.,-2.22044604925E-16));
#2411 = DIRECTION('',(-1.,0.,0.));
#2412 = ORIENTED_EDGE('',*,*,#2413,.F.);
#2413 = EDGE_CURVE('',#2414,#2405,#2416,.T.);
#2414 = VERTEX_POINT('',#2415);
#2415 = CARTESIAN_POINT('',(-128.25,95.486487828081,27.));
#2416 = LINE('',#2417,#2418);
#2417 = CARTESIAN_POINT('',(-73.875,95.486487828081,27.));
#2418 = VECTOR('',#2419,1.);
#2419 = DIRECTION('',(-1.,0.,0.));
#2420 = ORIENTED_EDGE('',*,*,#2421,.T.);
#2421 = EDGE_CURVE('',#2414,#2363,#2422,.T.);
#2422 = CIRCLE('',#2423,4.);
#2423 = AXIS2_PLACEMENT_3D('',#2424,#2425,#2426);
#2424 = CARTESIAN_POINT('',(-128.25,95.486487828081,23.));
#2425 = DIRECTION('',(0.,1.,-2.22044604925E-16));
#2426 = DIRECTION('',(-1.,0.,0.));
#2427 = FACE_BOUND('',#2428,.T.);
#2428 = EDGE_LOOP('',(#2429));
#2429 = ORIENTED_EDGE('',*,*,#2430,.T.);
#2430 = EDGE_CURVE('',#2431,#2431,#2433,.T.);
#2431 = VERTEX_POINT('',#2432);
#2432 = CARTESIAN_POINT('',(-121.5,95.486487828081,17.));
#2433 = CIRCLE('',#2434,1.5);
#2434 = AXIS2_PLACEMENT_3D('',#2435,#2436,#2437);
#2435 = CARTESIAN_POINT('',(-120.,95.486487828081,17.));
#2436 = DIRECTION('',(0.,1.,-2.22044604925E-16));
#2437 = DIRECTION('',(-1.,0.,0.));
#2438 = FACE_BOUND('',#2439,.T.);
#2439 = EDGE_LOOP('',(#2440));
#2440 = ORIENTED_EDGE('',*,*,#2441,.T.);
#2441 = EDGE_CURVE('',#2442,#2442,#2444,.T.);
#2442 = VERTEX_POINT('',#2443);
#2443 = CARTESIAN_POINT('',(77.95,95.486487828081,13.));
#2444 = CIRCLE('',#2445,1.55);
#2445 = AXIS2_PLACEMENT_3D('',#2446,#2447,#2448);
#2446 = CARTESIAN_POINT('',(79.5,95.486487828081,13.));
#2447 = DIRECTION('',(0.,1.,-2.22044604925E-16));
#2448 = DIRECTION('',(-1.,0.,0.));
#2449 = FACE_BOUND('',#2450,.T.);
#2450 = EDGE_LOOP('',(#2451));
#2451 = ORIENTED_EDGE('',*,*,#2452,.T.);
#2452 = EDGE_CURVE('',#2453,#2453,#2455,.T.);
#2453 = VERTEX_POINT('',#2454);
#2454 = CARTESIAN_POINT('',(58.2,95.486487828081,25.));
#2455 = CIRCLE('',#2456,11.8);
#2456 = AXIS2_PLACEMENT_3D('',#2457,#2458,#2459);
#2457 = CARTESIAN_POINT('',(70.,95.486487828081,25.));
#2458 = DIRECTION('',(0.,1.,-2.22044604925E-16));
#2459 = DIRECTION('',(-1.,0.,0.));
#2460 = FACE_BOUND('',#2461,.T.);
#2461 = EDGE_LOOP('',(#2462));
#2462 = ORIENTED_EDGE('',*,*,#2463,.T.);
#2463 = EDGE_CURVE('',#2464,#2464,#2466,.T.);
#2464 = VERTEX_POINT('',#2465);
#2465 = CARTESIAN_POINT('',(110.,95.486487828081,25.));
#2466 = CIRCLE('',#2467,10.);
#2467 = AXIS2_PLACEMENT_3D('',#2468,#2469,#2470);
#2468 = CARTESIAN_POINT('',(120.,95.486487828081,25.));
#2469 = DIRECTION('',(0.,1.,-2.22044604925E-16));
#2470 = DIRECTION('',(-1.,0.,0.));
#2471 = FACE_BOUND('',#2472,.T.);
#2472 = EDGE_LOOP('',(#2473));
#2473 = ORIENTED_EDGE('',*,*,#2474,.T.);
#2474 = EDGE_CURVE('',#2475,#2475,#2477,.T.);
#2475 = VERTEX_POINT('',#2476);
#2476 = CARTESIAN_POINT('',(140.,95.486487828081,25.));
#2477 = CIRCLE('',#2478,10.);
#2478 = AXIS2_PLACEMENT_3D('',#2479,#2480,#2481);
#2479 = CARTESIAN_POINT('',(150.,95.486487828081,25.));
#2480 = DIRECTION('',(0.,1.,-2.22044604925E-16));
#2481 = DIRECTION('',(-1.,0.,0.));
#2482 = FACE_BOUND('',#2483,.T.);
#2483 = EDGE_LOOP('',(#2484));
#2484 = ORIENTED_EDGE('',*,*,#2485,.T.);
#2485 = EDGE_CURVE('',#2486,#2486,#2488,.T.);
#2486 = VERTEX_POINT('',#2487);
#2487 = CARTESIAN_POINT('',(-144.,95.486487828081,39.));
#2488 = CIRCLE('',#2489,6.);
#2489 = AXIS2_PLACEMENT_3D('',#2490,#2491,#2492);
#2490 = CARTESIAN_POINT('',(-138.,95.486487828081,39.));
#2491 = DIRECTION('',(0.,1.,-2.22044604925E-16));
#2492 = DIRECTION('',(-1.,0.,0.));
#2493 = FACE_BOUND('',#2494,.T.);
#2494 = EDGE_LOOP('',(#2495));
#2495 = ORIENTED_EDGE('',*,*,#2496,.T.);
#2496 = EDGE_CURVE('',#2497,#2497,#2499,.T.);
#2497 = VERTEX_POINT('',#2498);
#2498 = CARTESIAN_POINT('',(58.95,95.486487828081,37.));
#2499 = CIRCLE('',#2500,1.55);
#2500 = AXIS2_PLACEMENT_3D('',#2501,#2502,#2503);
#2501 = CARTESIAN_POINT('',(60.5,95.486487828081,37.));
#2502 = DIRECTION('',(0.,1.,-2.22044604925E-16));
#2503 = DIRECTION('',(-1.,0.,0.));
#2504 = PLANE('',#2505);
#2505 = AXIS2_PLACEMENT_3D('',#2506,#2507,#2508);
#2506 = CARTESIAN_POINT('',(2.510524898244E-14,95.486487828081,27.));
#2507 = DIRECTION('',(0.,-1.,1.110223024625E-16));
#2508 = DIRECTION('',(1.,0.,0.));
#2509 = ADVANCED_FACE('',(#2510),#2529,.F.);
#2510 = FACE_BOUND('',#2511,.F.);
#2511 = EDGE_LOOP('',(#2512,#2520,#2521,#2522));
#2512 = ORIENTED_EDGE('',*,*,#2513,.F.);
#2513 = EDGE_CURVE('',#1603,#2514,#2516,.T.);
#2514 = VERTEX_POINT('',#2515);
#2515 = CARTESIAN_POINT('',(-173.25,94.486487828081,1.));
#2516 = LINE('',#2517,#2518);
#2517 = CARTESIAN_POINT('',(-173.25,-96.48648782808,1.));
#2518 = VECTOR('',#2519,1.);
#2519 = DIRECTION('',(0.,1.,0.));
#2520 = ORIENTED_EDGE('',*,*,#1602,.T.);
#2521 = ORIENTED_EDGE('',*,*,#660,.T.);
#2522 = ORIENTED_EDGE('',*,*,#2523,.F.);
#2523 = EDGE_CURVE('',#2514,#661,#2524,.T.);
#2524 = CIRCLE('',#2525,1.);
#2525 = AXIS2_PLACEMENT_3D('',#2526,#2527,#2528);
#2526 = CARTESIAN_POINT('',(-173.25,94.486487828081,2.));
#2527 = DIRECTION('',(0.,1.,0.));
#2528 = DIRECTION('',(0.,0.,-1.));
#2529 = CYLINDRICAL_SURFACE('',#2530,1.);
#2530 = AXIS2_PLACEMENT_3D('',#2531,#2532,#2533);
#2531 = CARTESIAN_POINT('',(-173.25,-96.48648782808,2.));
#2532 = DIRECTION('',(0.,1.,0.));
#2533 = DIRECTION('',(0.,0.,-1.));
#2534 = ADVANCED_FACE('',(#2535),#2546,.F.);
#2535 = FACE_BOUND('',#2536,.F.);
#2536 = EDGE_LOOP('',(#2537,#2538,#2544,#2545));
#2537 = ORIENTED_EDGE('',*,*,#888,.T.);
#2538 = ORIENTED_EDGE('',*,*,#2539,.T.);
#2539 = EDGE_CURVE('',#889,#637,#2540,.T.);
#2540 = LINE('',#2541,#2542);
#2541 = CARTESIAN_POINT('',(174.25,-94.48648782808,51.));
#2542 = VECTOR('',#2543,1.);
#2543 = DIRECTION('',(-1.,0.,0.));
#2544 = ORIENTED_EDGE('',*,*,#644,.F.);
#2545 = ORIENTED_EDGE('',*,*,#1635,.F.);
#2546 = CYLINDRICAL_SURFACE('',#2547,1.);
#2547 = AXIS2_PLACEMENT_3D('',#2548,#2549,#2550);
#2548 = CARTESIAN_POINT('',(174.25,-94.48648782808,50.));
#2549 = DIRECTION('',(-1.,-0.,-0.));
#2550 = DIRECTION('',(0.,-1.,0.));
#2551 = ADVANCED_FACE('',(#2552,#2558,#2561,#2564),#2567,.T.);
#2552 = FACE_BOUND('',#2553,.T.);
#2553 = EDGE_LOOP('',(#2554,#2555,#2556,#2557));
#2554 = ORIENTED_EDGE('',*,*,#2539,.T.);
#2555 = ORIENTED_EDGE('',*,*,#636,.T.);
#2556 = ORIENTED_EDGE('',*,*,#964,.T.);
#2557 = ORIENTED_EDGE('',*,*,#897,.T.);
#2558 = FACE_BOUND('',#2559,.T.);
#2559 = EDGE_LOOP('',(#2560));
#2560 = ORIENTED_EDGE('',*,*,#988,.F.);
#2561 = FACE_BOUND('',#2562,.T.);
#2562 = EDGE_LOOP('',(#2563));
#2563 = ORIENTED_EDGE('',*,*,#1013,.F.);
#2564 = FACE_BOUND('',#2565,.T.);
#2565 = EDGE_LOOP('',(#2566));
#2566 = ORIENTED_EDGE('',*,*,#1038,.F.);
#2567 = PLANE('',#2568);
#2568 = AXIS2_PLACEMENT_3D('',#2569,#2570,#2571);
#2569 = CARTESIAN_POINT('',(4.628790091554E-14,-86.98648782808,51.));
#2570 = DIRECTION('',(0.,1.110223024625E-16,-1.));
#2571 = DIRECTION('',(0.,1.,1.110223024625E-16));
#2572 = ADVANCED_FACE('',(#2573),#2584,.F.);
#2573 = FACE_BOUND('',#2574,.F.);
#2574 = EDGE_LOOP('',(#2575,#2576,#2582,#2583));
#2575 = ORIENTED_EDGE('',*,*,#2101,.T.);
#2576 = ORIENTED_EDGE('',*,*,#2577,.T.);
#2577 = EDGE_CURVE('',#2102,#2200,#2578,.T.);
#2578 = LINE('',#2579,#2580);
#2579 = CARTESIAN_POINT('',(173.25,76.486487828081,51.));
#2580 = VECTOR('',#2581,1.);
#2581 = DIRECTION('',(0.,-1.,0.));
#2582 = ORIENTED_EDGE('',*,*,#2207,.F.);
#2583 = ORIENTED_EDGE('',*,*,#930,.F.);
#2584 = CYLINDRICAL_SURFACE('',#2585,1.);
#2585 = AXIS2_PLACEMENT_3D('',#2586,#2587,#2588);
#2586 = CARTESIAN_POINT('',(173.25,76.486487828081,50.));
#2587 = DIRECTION('',(-0.,-1.,-0.));
#2588 = DIRECTION('',(1.,0.,0.));
#2589 = ADVANCED_FACE('',(#2590),#2609,.F.);
#2590 = FACE_BOUND('',#2591,.F.);
#2591 = EDGE_LOOP('',(#2592,#2600,#2607,#2608));
#2592 = ORIENTED_EDGE('',*,*,#2593,.F.);
#2593 = EDGE_CURVE('',#2594,#1670,#2596,.T.);
#2594 = VERTEX_POINT('',#2595);
#2595 = CARTESIAN_POINT('',(173.25,94.486487828081,1.));
#2596 = LINE('',#2597,#2598);
#2597 = CARTESIAN_POINT('',(173.25,96.486487828081,1.));
#2598 = VECTOR('',#2599,1.);
#2599 = DIRECTION('',(0.,-1.,0.));
#2600 = ORIENTED_EDGE('',*,*,#2601,.T.);
#2601 = EDGE_CURVE('',#2594,#866,#2602,.T.);
#2602 = CIRCLE('',#2603,1.);
#2603 = AXIS2_PLACEMENT_3D('',#2604,#2605,#2606);
#2604 = CARTESIAN_POINT('',(173.25,94.486487828081,2.));
#2605 = DIRECTION('',(0.,-1.,0.));
#2606 = DIRECTION('',(0.,0.,-1.));
#2607 = ORIENTED_EDGE('',*,*,#873,.T.);
#2608 = ORIENTED_EDGE('',*,*,#1992,.F.);
#2609 = CYLINDRICAL_SURFACE('',#2610,1.);
#2610 = AXIS2_PLACEMENT_3D('',#2611,#2612,#2613);
#2611 = CARTESIAN_POINT('',(173.25,96.486487828081,2.));
#2612 = DIRECTION('',(-0.,-1.,-0.));
#2613 = DIRECTION('',(0.,0.,-1.));
#2614 = ADVANCED_FACE('',(#2615),#2638,.F.);
#2615 = FACE_BOUND('',#2616,.F.);
#2616 = EDGE_LOOP('',(#2617,#2624,#2625,#2632));
#2617 = ORIENTED_EDGE('',*,*,#2618,.T.);
#2618 = EDGE_CURVE('',#1092,#1054,#2619,.T.);
#2619 = CIRCLE('',#2620,2.);
#2620 = AXIS2_PLACEMENT_3D('',#2621,#2622,#2623);
#2621 = CARTESIAN_POINT('',(-173.25,94.486487828081,2.));
#2622 = DIRECTION('',(1.,-0.,0.));
#2623 = DIRECTION('',(0.,0.,-1.));
#2624 = ORIENTED_EDGE('',*,*,#1061,.T.);
#2625 = ORIENTED_EDGE('',*,*,#2626,.F.);
#2626 = EDGE_CURVE('',#2514,#1062,#2627,.T.);
#2627 = CIRCLE('',#2628,1.);
#2628 = AXIS2_PLACEMENT_3D('',#2629,#2630,#2631);
#2629 = CARTESIAN_POINT('',(-173.25,94.486487828081,2.));
#2630 = DIRECTION('',(1.,-0.,0.));
#2631 = DIRECTION('',(0.,0.,-1.));
#2632 = ORIENTED_EDGE('',*,*,#2633,.T.);
#2633 = EDGE_CURVE('',#2514,#1092,#2634,.T.);
#2634 = LINE('',#2635,#2636);
#2635 = CARTESIAN_POINT('',(-173.25,94.486487828081,1.));
#2636 = VECTOR('',#2637,1.);
#2637 = DIRECTION('',(0.,0.,-1.));
#2638 = PLANE('',#2639);
#2639 = AXIS2_PLACEMENT_3D('',#2640,#2641,#2642);
#2640 = CARTESIAN_POINT('',(-173.25,94.486487828081,2.));
#2641 = DIRECTION('',(1.,0.,0.));
#2642 = DIRECTION('',(0.,0.,-1.));
#2643 = ADVANCED_FACE('',(#2644),#2650,.T.);
#2644 = FACE_BOUND('',#2645,.F.);
#2645 = EDGE_LOOP('',(#2646,#2647,#2648,#2649));
#2646 = ORIENTED_EDGE('',*,*,#2523,.T.);
#2647 = ORIENTED_EDGE('',*,*,#1076,.T.);
#2648 = ORIENTED_EDGE('',*,*,#1099,.F.);
#2649 = ORIENTED_EDGE('',*,*,#2633,.F.);
#2650 = PLANE('',#2651);
#2651 = AXIS2_PLACEMENT_3D('',#2652,#2653,#2654);
#2652 = CARTESIAN_POINT('',(-173.25,94.486487828081,2.));
#2653 = DIRECTION('',(0.,1.,0.));
#2654 = DIRECTION('',(-0.,-0.,-1.));
#2655 = ADVANCED_FACE('',(#2656,#2667,#2678),#2689,.T.);
#2656 = FACE_BOUND('',#2657,.T.);
#2657 = EDGE_LOOP('',(#2658,#2659,#2660,#2666));
#2658 = ORIENTED_EDGE('',*,*,#2236,.T.);
#2659 = ORIENTED_EDGE('',*,*,#1239,.T.);
#2660 = ORIENTED_EDGE('',*,*,#2661,.T.);
#2661 = EDGE_CURVE('',#1232,#1151,#2662,.T.);
#2662 = LINE('',#2663,#2664);
#2663 = CARTESIAN_POINT('',(-158.25,76.486487828081,51.));
#2664 = VECTOR('',#2665,1.);
#2665 = DIRECTION('',(0.,-1.,0.));
#2666 = ORIENTED_EDGE('',*,*,#1150,.T.);
#2667 = FACE_BOUND('',#2668,.T.);
#2668 = EDGE_LOOP('',(#2669));
#2669 = ORIENTED_EDGE('',*,*,#2670,.F.);
#2670 = EDGE_CURVE('',#2671,#2671,#2673,.T.);
#2671 = VERTEX_POINT('',#2672);
#2672 = CARTESIAN_POINT('',(-164.25,63.,51.));
#2673 = CIRCLE('',#2674,2.5);
#2674 = AXIS2_PLACEMENT_3D('',#2675,#2676,#2677);
#2675 = CARTESIAN_POINT('',(-166.75,63.,51.));
#2676 = DIRECTION('',(0.,0.,-1.));
#2677 = DIRECTION('',(1.,0.,0.));
#2678 = FACE_BOUND('',#2679,.T.);
#2679 = EDGE_LOOP('',(#2680));
#2680 = ORIENTED_EDGE('',*,*,#2681,.F.);
#2681 = EDGE_CURVE('',#2682,#2682,#2684,.T.);
#2682 = VERTEX_POINT('',#2683);
#2683 = CARTESIAN_POINT('',(-164.25,-63.,51.));
#2684 = CIRCLE('',#2685,2.5);
#2685 = AXIS2_PLACEMENT_3D('',#2686,#2687,#2688);
#2686 = CARTESIAN_POINT('',(-166.75,-63.,51.));
#2687 = DIRECTION('',(0.,0.,-1.));
#2688 = DIRECTION('',(1.,0.,0.));
#2689 = PLANE('',#2690);
#2690 = AXIS2_PLACEMENT_3D('',#2691,#2692,#2693);
#2691 = CARTESIAN_POINT('',(-165.75,-3.654807693312E-14,51.));
#2692 = DIRECTION('',(1.110223024625E-16,0.,-1.));
#2693 = DIRECTION('',(1.,0.,1.110223024625E-16));
#2694 = ADVANCED_FACE('',(#2695),#2706,.T.);
#2695 = FACE_BOUND('',#2696,.T.);
#2696 = EDGE_LOOP('',(#2697,#2698,#2704,#2705));
#2697 = ORIENTED_EDGE('',*,*,#1231,.T.);
#2698 = ORIENTED_EDGE('',*,*,#2699,.T.);
#2699 = EDGE_CURVE('',#1224,#1159,#2700,.T.);
#2700 = LINE('',#2701,#2702);
#2701 = CARTESIAN_POINT('',(-158.25,76.486487828081,52.));
#2702 = VECTOR('',#2703,1.);
#2703 = DIRECTION('',(0.,-1.,0.));
#2704 = ORIENTED_EDGE('',*,*,#1158,.F.);
#2705 = ORIENTED_EDGE('',*,*,#2661,.F.);
#2706 = PLANE('',#2707);
#2707 = AXIS2_PLACEMENT_3D('',#2708,#2709,#2710);
#2708 = CARTESIAN_POINT('',(-158.25,76.486487828081,51.));
#2709 = DIRECTION('',(1.,0.,1.110223024625E-16));
#2710 = DIRECTION('',(0.,-1.,0.));
#2711 = ADVANCED_FACE('',(#2712,#2718,#2729),#2740,.F.);
#2712 = FACE_BOUND('',#2713,.F.);
#2713 = EDGE_LOOP('',(#2714,#2715,#2716,#2717));
#2714 = ORIENTED_EDGE('',*,*,#1199,.F.);
#2715 = ORIENTED_EDGE('',*,*,#1223,.T.);
#2716 = ORIENTED_EDGE('',*,*,#2699,.T.);
#2717 = ORIENTED_EDGE('',*,*,#1166,.T.);
#2718 = FACE_BOUND('',#2719,.F.);
#2719 = EDGE_LOOP('',(#2720));
#2720 = ORIENTED_EDGE('',*,*,#2721,.T.);
#2721 = EDGE_CURVE('',#2722,#2722,#2724,.T.);
#2722 = VERTEX_POINT('',#2723);
#2723 = CARTESIAN_POINT('',(-164.25,63.,52.));
#2724 = CIRCLE('',#2725,2.5);
#2725 = AXIS2_PLACEMENT_3D('',#2726,#2727,#2728);
#2726 = CARTESIAN_POINT('',(-166.75,63.,52.));
#2727 = DIRECTION('',(0.,0.,1.));
#2728 = DIRECTION('',(1.,0.,0.));
#2729 = FACE_BOUND('',#2730,.F.);
#2730 = EDGE_LOOP('',(#2731));
#2731 = ORIENTED_EDGE('',*,*,#2732,.T.);
#2732 = EDGE_CURVE('',#2733,#2733,#2735,.T.);
#2733 = VERTEX_POINT('',#2734);
#2734 = CARTESIAN_POINT('',(-164.25,-63.,52.));
#2735 = CIRCLE('',#2736,2.5);
#2736 = AXIS2_PLACEMENT_3D('',#2737,#2738,#2739);
#2737 = CARTESIAN_POINT('',(-166.75,-63.,52.));
#2738 = DIRECTION('',(0.,0.,1.));
#2739 = DIRECTION('',(1.,0.,0.));
#2740 = PLANE('',#2741);
#2741 = AXIS2_PLACEMENT_3D('',#2742,#2743,#2744);
#2742 = CARTESIAN_POINT('',(-165.75,-3.654807693312E-14,52.));
#2743 = DIRECTION('',(1.110223024625E-16,0.,-1.));
#2744 = DIRECTION('',(1.,0.,1.110223024625E-16));
#2745 = ADVANCED_FACE('',(#2746),#2766,.T.);
#2746 = FACE_BOUND('',#2747,.T.);
#2747 = EDGE_LOOP('',(#2748,#2757,#2764,#2765));
#2748 = ORIENTED_EDGE('',*,*,#2749,.T.);
#2749 = EDGE_CURVE('',#1394,#2750,#2752,.T.);
#2750 = VERTEX_POINT('',#2751);
#2751 = CARTESIAN_POINT('',(174.25,95.486487828081,51.732050807569));
#2752 = CIRCLE('',#2753,2.);
#2753 = AXIS2_PLACEMENT_3D('',#2754,#2755,#2756);
#2754 = CARTESIAN_POINT('',(174.25,94.486487828081,50.));
#2755 = DIRECTION('',(1.,0.,0.));
#2756 = DIRECTION('',(0.,1.,0.));
#2757 = ORIENTED_EDGE('',*,*,#2758,.T.);
#2758 = EDGE_CURVE('',#2750,#1331,#2759,.T.);
#2759 = CIRCLE('',#2760,2.);
#2760 = AXIS2_PLACEMENT_3D('',#2761,#2762,#2763);
#2761 = CARTESIAN_POINT('',(174.25,94.486487828081,50.));
#2762 = DIRECTION('',(1.,0.,0.));
#2763 = DIRECTION('',(0.,1.,0.));
#2764 = ORIENTED_EDGE('',*,*,#1330,.T.);
#2765 = ORIENTED_EDGE('',*,*,#1403,.T.);
#2766 = PLANE('',#2767);
#2767 = AXIS2_PLACEMENT_3D('',#2768,#2769,#2770);
#2768 = CARTESIAN_POINT('',(174.25,95.88141428023,51.397264806991));
#2769 = DIRECTION('',(-1.,7.312735391246E-15,6.054420839436E-15));
#2770 = DIRECTION('',(-7.312735391246E-15,-1.,0.));
#2771 = ADVANCED_FACE('',(#2772),#2794,.T.);
#2772 = FACE_BOUND('',#2773,.F.);
#2773 = EDGE_LOOP('',(#2774,#2775,#2776,#2777,#2786,#2793));
#2774 = ORIENTED_EDGE('',*,*,#2749,.T.);
#2775 = ORIENTED_EDGE('',*,*,#2758,.T.);
#2776 = ORIENTED_EDGE('',*,*,#1338,.T.);
#2777 = ORIENTED_EDGE('',*,*,#2778,.F.);
#2778 = EDGE_CURVE('',#2779,#1339,#2781,.T.);
#2779 = VERTEX_POINT('',#2780);
#2780 = CARTESIAN_POINT('',(-174.25,95.486487828081,51.732050807569));
#2781 = CIRCLE('',#2782,2.);
#2782 = AXIS2_PLACEMENT_3D('',#2783,#2784,#2785);
#2783 = CARTESIAN_POINT('',(-174.25,94.486487828081,50.));
#2784 = DIRECTION('',(1.,0.,0.));
#2785 = DIRECTION('',(0.,1.,0.));
#2786 = ORIENTED_EDGE('',*,*,#2787,.F.);
#2787 = EDGE_CURVE('',#1396,#2779,#2788,.T.);
#2788 = CIRCLE('',#2789,2.);
#2789 = AXIS2_PLACEMENT_3D('',#2790,#2791,#2792);
#2790 = CARTESIAN_POINT('',(-174.25,94.486487828081,50.));
#2791 = DIRECTION('',(1.,0.,0.));
#2792 = DIRECTION('',(0.,1.,0.));
#2793 = ORIENTED_EDGE('',*,*,#1393,.F.);
#2794 = CYLINDRICAL_SURFACE('',#2795,2.);
#2795 = AXIS2_PLACEMENT_3D('',#2796,#2797,#2798);
#2796 = CARTESIAN_POINT('',(174.25,94.486487828081,50.));
#2797 = DIRECTION('',(-1.,0.,0.));
#2798 = DIRECTION('',(0.,1.,0.));
#2799 = ADVANCED_FACE('',(#2800),#2806,.T.);
#2800 = FACE_BOUND('',#2801,.T.);
#2801 = EDGE_LOOP('',(#2802,#2803,#2804,#2805));
#2802 = ORIENTED_EDGE('',*,*,#2787,.F.);
#2803 = ORIENTED_EDGE('',*,*,#1428,.T.);
#2804 = ORIENTED_EDGE('',*,*,#1346,.T.);
#2805 = ORIENTED_EDGE('',*,*,#2778,.F.);
#2806 = PLANE('',#2807);
#2807 = AXIS2_PLACEMENT_3D('',#2808,#2809,#2810);
#2808 = CARTESIAN_POINT('',(-174.25,95.88141428023,51.397264806991));
#2809 = DIRECTION('',(1.,-7.312735391246E-15,-6.054420839436E-15));
#2810 = DIRECTION('',(7.312735391246E-15,1.,0.));
#2811 = ADVANCED_FACE('',(#2812),#2823,.F.);
#2812 = FACE_BOUND('',#2813,.T.);
#2813 = EDGE_LOOP('',(#2814,#2820,#2821,#2822));
#2814 = ORIENTED_EDGE('',*,*,#2815,.F.);
#2815 = EDGE_CURVE('',#1355,#2281,#2816,.T.);
#2816 = LINE('',#2817,#2818);
#2817 = CARTESIAN_POINT('',(-164.25,88.,52.));
#2818 = VECTOR('',#2819,1.);
#2819 = DIRECTION('',(-5.329070518201E-17,0.,-1.));
#2820 = ORIENTED_EDGE('',*,*,#1354,.T.);
#2821 = ORIENTED_EDGE('',*,*,#2815,.T.);
#2822 = ORIENTED_EDGE('',*,*,#2280,.T.);
#2823 = CYLINDRICAL_SURFACE('',#2824,2.5);
#2824 = AXIS2_PLACEMENT_3D('',#2825,#2826,#2827);
#2825 = CARTESIAN_POINT('',(-166.75,88.,52.));
#2826 = DIRECTION('',(-0.,-0.,-1.));
#2827 = DIRECTION('',(1.,0.,0.));
#2828 = ADVANCED_FACE('',(#2829),#2840,.F.);
#2829 = FACE_BOUND('',#2830,.T.);
#2830 = EDGE_LOOP('',(#2831,#2837,#2838,#2839));
#2831 = ORIENTED_EDGE('',*,*,#2832,.F.);
#2832 = EDGE_CURVE('',#1366,#2292,#2833,.T.);
#2833 = LINE('',#2834,#2835);
#2834 = CARTESIAN_POINT('',(2.5,88.,52.));
#2835 = VECTOR('',#2836,1.);
#2836 = DIRECTION('',(-5.329070518201E-17,0.,-1.));
#2837 = ORIENTED_EDGE('',*,*,#1365,.T.);
#2838 = ORIENTED_EDGE('',*,*,#2832,.T.);
#2839 = ORIENTED_EDGE('',*,*,#2291,.T.);
#2840 = CYLINDRICAL_SURFACE('',#2841,2.5);
#2841 = AXIS2_PLACEMENT_3D('',#2842,#2843,#2844);
#2842 = CARTESIAN_POINT('',(-5.773159728051E-15,88.,52.));
#2843 = DIRECTION('',(-0.,-0.,-1.));
#2844 = DIRECTION('',(1.,0.,0.));
#2845 = ADVANCED_FACE('',(#2846),#2857,.F.);
#2846 = FACE_BOUND('',#2847,.T.);
#2847 = EDGE_LOOP('',(#2848,#2854,#2855,#2856));
#2848 = ORIENTED_EDGE('',*,*,#2849,.F.);
#2849 = EDGE_CURVE('',#1377,#2303,#2850,.T.);
#2850 = LINE('',#2851,#2852);
#2851 = CARTESIAN_POINT('',(169.25,88.,52.));
#2852 = VECTOR('',#2853,1.);
#2853 = DIRECTION('',(-5.329070518201E-17,0.,-1.));
#2854 = ORIENTED_EDGE('',*,*,#1376,.T.);
#2855 = ORIENTED_EDGE('',*,*,#2849,.T.);
#2856 = ORIENTED_EDGE('',*,*,#2302,.T.);
#2857 = CYLINDRICAL_SURFACE('',#2858,2.5);
#2858 = AXIS2_PLACEMENT_3D('',#2859,#2860,#2861);
#2859 = CARTESIAN_POINT('',(166.75,88.,52.));
#2860 = DIRECTION('',(-0.,-0.,-1.));
#2861 = DIRECTION('',(1.,0.,0.));
#2862 = ADVANCED_FACE('',(#2863),#2875,.T.);
#2863 = FACE_BOUND('',#2864,.F.);
#2864 = EDGE_LOOP('',(#2865,#2872,#2873,#2874));
#2865 = ORIENTED_EDGE('',*,*,#2866,.T.);
#2866 = EDGE_CURVE('',#1695,#1412,#2867,.T.);
#2867 = CIRCLE('',#2868,2.);
#2868 = AXIS2_PLACEMENT_3D('',#2869,#2870,#2871);
#2869 = CARTESIAN_POINT('',(173.25,94.486487828081,2.));
#2870 = DIRECTION('',(1.,-0.,0.));
#2871 = DIRECTION('',(0.,0.,-1.));
#2872 = ORIENTED_EDGE('',*,*,#1419,.T.);
#2873 = ORIENTED_EDGE('',*,*,#2618,.F.);
#2874 = ORIENTED_EDGE('',*,*,#1702,.F.);
#2875 = CYLINDRICAL_SURFACE('',#2876,2.);
#2876 = AXIS2_PLACEMENT_3D('',#2877,#2878,#2879);
#2877 = CARTESIAN_POINT('',(173.25,94.486487828081,2.));
#2878 = DIRECTION('',(-1.,0.,0.));
#2879 = DIRECTION('',(0.,0.,-1.));
#2880 = ADVANCED_FACE('',(#2881),#2892,.F.);
#2881 = FACE_BOUND('',#2882,.F.);
#2882 = EDGE_LOOP('',(#2883,#2884,#2890,#2891));
#2883 = ORIENTED_EDGE('',*,*,#1436,.F.);
#2884 = ORIENTED_EDGE('',*,*,#2885,.T.);
#2885 = EDGE_CURVE('',#1437,#2350,#2886,.T.);
#2886 = LINE('',#2887,#2888);
#2887 = CARTESIAN_POINT('',(-157.5,96.486487828081,17.));
#2888 = VECTOR('',#2889,1.);
#2889 = DIRECTION('',(0.,-1.,2.22044604925E-16));
#2890 = ORIENTED_EDGE('',*,*,#2349,.T.);
#2891 = ORIENTED_EDGE('',*,*,#2885,.F.);
#2892 = CYLINDRICAL_SURFACE('',#2893,1.5);
#2893 = AXIS2_PLACEMENT_3D('',#2894,#2895,#2896);
#2894 = CARTESIAN_POINT('',(-156.,96.486487828081,17.));
#2895 = DIRECTION('',(0.,1.,-2.22044604925E-16));
#2896 = DIRECTION('',(-1.,0.,0.));
#2897 = ADVANCED_FACE('',(#2898),#2914,.F.);
#2898 = FACE_BOUND('',#2899,.F.);
#2899 = EDGE_LOOP('',(#2900,#2901,#2907,#2908));
#2900 = ORIENTED_EDGE('',*,*,#1447,.F.);
#2901 = ORIENTED_EDGE('',*,*,#2902,.T.);
#2902 = EDGE_CURVE('',#1448,#2363,#2903,.T.);
#2903 = LINE('',#2904,#2905);
#2904 = CARTESIAN_POINT('',(-124.25,96.486487828081,23.));
#2905 = VECTOR('',#2906,1.);
#2906 = DIRECTION('',(0.,-1.,2.22044604925E-16));
#2907 = ORIENTED_EDGE('',*,*,#2360,.F.);
#2908 = ORIENTED_EDGE('',*,*,#2909,.F.);
#2909 = EDGE_CURVE('',#1450,#2361,#2910,.T.);
#2910 = LINE('',#2911,#2912);
#2911 = CARTESIAN_POINT('',(-124.25,96.486487828081,11.));
#2912 = VECTOR('',#2913,1.);
#2913 = DIRECTION('',(0.,-1.,2.22044604925E-16));
#2914 = PLANE('',#2915);
#2915 = AXIS2_PLACEMENT_3D('',#2916,#2917,#2918);
#2916 = CARTESIAN_POINT('',(-124.25,96.486487828081,23.));
#2917 = DIRECTION('',(1.,0.,0.));
#2918 = DIRECTION('',(0.,-2.22044604925E-16,-1.));
#2919 = ADVANCED_FACE('',(#2920),#2931,.F.);
#2920 = FACE_BOUND('',#2921,.F.);
#2921 = EDGE_LOOP('',(#2922,#2923,#2924,#2925));
#2922 = ORIENTED_EDGE('',*,*,#1508,.F.);
#2923 = ORIENTED_EDGE('',*,*,#2909,.T.);
#2924 = ORIENTED_EDGE('',*,*,#2370,.T.);
#2925 = ORIENTED_EDGE('',*,*,#2926,.F.);
#2926 = EDGE_CURVE('',#1501,#2371,#2927,.T.);
#2927 = LINE('',#2928,#2929);
#2928 = CARTESIAN_POINT('',(-128.25,96.486487828081,7.));
#2929 = VECTOR('',#2930,1.);
#2930 = DIRECTION('',(0.,-1.,2.22044604925E-16));
#2931 = CYLINDRICAL_SURFACE('',#2932,4.);
#2932 = AXIS2_PLACEMENT_3D('',#2933,#2934,#2935);
#2933 = CARTESIAN_POINT('',(-128.25,96.486487828081,11.));
#2934 = DIRECTION('',(0.,1.,-2.22044604925E-16));
#2935 = DIRECTION('',(-1.,0.,0.));
#2936 = ADVANCED_FACE('',(#2937),#2948,.F.);
#2937 = FACE_BOUND('',#2938,.F.);
#2938 = EDGE_LOOP('',(#2939,#2940,#2941,#2942));
#2939 = ORIENTED_EDGE('',*,*,#1500,.F.);
#2940 = ORIENTED_EDGE('',*,*,#2926,.T.);
#2941 = ORIENTED_EDGE('',*,*,#2379,.F.);
#2942 = ORIENTED_EDGE('',*,*,#2943,.F.);
#2943 = EDGE_CURVE('',#1492,#2380,#2944,.T.);
#2944 = LINE('',#2945,#2946);
#2945 = CARTESIAN_POINT('',(-147.75,96.486487828081,7.));
#2946 = VECTOR('',#2947,1.);
#2947 = DIRECTION('',(0.,-1.,2.22044604925E-16));
#2948 = PLANE('',#2949);
#2949 = AXIS2_PLACEMENT_3D('',#2950,#2951,#2952);
#2950 = CARTESIAN_POINT('',(-128.25,96.486487828081,7.));
#2951 = DIRECTION('',(-0.,-2.22044604925E-16,-1.));
#2952 = DIRECTION('',(-1.,0.,0.));
#2953 = ADVANCED_FACE('',(#2954),#2965,.F.);
#2954 = FACE_BOUND('',#2955,.F.);
#2955 = EDGE_LOOP('',(#2956,#2957,#2958,#2959));
#2956 = ORIENTED_EDGE('',*,*,#1491,.F.);
#2957 = ORIENTED_EDGE('',*,*,#2943,.T.);
#2958 = ORIENTED_EDGE('',*,*,#2387,.T.);
#2959 = ORIENTED_EDGE('',*,*,#2960,.F.);
#2960 = EDGE_CURVE('',#1484,#2388,#2961,.T.);
#2961 = LINE('',#2962,#2963);
#2962 = CARTESIAN_POINT('',(-151.75,96.486487828081,11.));
#2963 = VECTOR('',#2964,1.);
#2964 = DIRECTION('',(0.,-1.,2.22044604925E-16));
#2965 = CYLINDRICAL_SURFACE('',#2966,4.);
#2966 = AXIS2_PLACEMENT_3D('',#2967,#2968,#2969);
#2967 = CARTESIAN_POINT('',(-147.75,96.486487828081,11.));
#2968 = DIRECTION('',(0.,1.,-2.22044604925E-16));
#2969 = DIRECTION('',(-1.,0.,0.));
#2970 = ADVANCED_FACE('',(#2971),#2982,.F.);
#2971 = FACE_BOUND('',#2972,.F.);
#2972 = EDGE_LOOP('',(#2973,#2974,#2975,#2976));
#2973 = ORIENTED_EDGE('',*,*,#1483,.F.);
#2974 = ORIENTED_EDGE('',*,*,#2960,.T.);
#2975 = ORIENTED_EDGE('',*,*,#2396,.F.);
#2976 = ORIENTED_EDGE('',*,*,#2977,.F.);
#2977 = EDGE_CURVE('',#1475,#2397,#2978,.T.);
#2978 = LINE('',#2979,#2980);
#2979 = CARTESIAN_POINT('',(-151.75,96.486487828081,23.));
#2980 = VECTOR('',#2981,1.);
#2981 = DIRECTION('',(0.,-1.,2.22044604925E-16));
#2982 = PLANE('',#2983);
#2983 = AXIS2_PLACEMENT_3D('',#2984,#2985,#2986);
#2984 = CARTESIAN_POINT('',(-151.75,96.486487828081,11.));
#2985 = DIRECTION('',(-1.,0.,0.));
#2986 = DIRECTION('',(0.,2.22044604925E-16,1.));
#2987 = ADVANCED_FACE('',(#2988),#2999,.F.);
#2988 = FACE_BOUND('',#2989,.F.);
#2989 = EDGE_LOOP('',(#2990,#2991,#2992,#2993));
#2990 = ORIENTED_EDGE('',*,*,#1474,.F.);
#2991 = ORIENTED_EDGE('',*,*,#2977,.T.);
#2992 = ORIENTED_EDGE('',*,*,#2404,.T.);
#2993 = ORIENTED_EDGE('',*,*,#2994,.F.);
#2994 = EDGE_CURVE('',#1467,#2405,#2995,.T.);
#2995 = LINE('',#2996,#2997);
#2996 = CARTESIAN_POINT('',(-147.75,96.486487828081,27.));
#2997 = VECTOR('',#2998,1.);
#2998 = DIRECTION('',(0.,-1.,2.22044604925E-16));
#2999 = CYLINDRICAL_SURFACE('',#3000,4.);
#3000 = AXIS2_PLACEMENT_3D('',#3001,#3002,#3003);
#3001 = CARTESIAN_POINT('',(-147.75,96.486487828081,23.));
#3002 = DIRECTION('',(0.,1.,-2.22044604925E-16));
#3003 = DIRECTION('',(-1.,0.,0.));
#3004 = ADVANCED_FACE('',(#3005),#3016,.F.);
#3005 = FACE_BOUND('',#3006,.F.);
#3006 = EDGE_LOOP('',(#3007,#3008,#3009,#3010));
#3007 = ORIENTED_EDGE('',*,*,#1466,.F.);
#3008 = ORIENTED_EDGE('',*,*,#2994,.T.);
#3009 = ORIENTED_EDGE('',*,*,#2413,.F.);
#3010 = ORIENTED_EDGE('',*,*,#3011,.F.);
#3011 = EDGE_CURVE('',#1458,#2414,#3012,.T.);
#3012 = LINE('',#3013,#3014);
#3013 = CARTESIAN_POINT('',(-128.25,96.486487828081,27.));
#3014 = VECTOR('',#3015,1.);
#3015 = DIRECTION('',(0.,-1.,2.22044604925E-16));
#3016 = PLANE('',#3017);
#3017 = AXIS2_PLACEMENT_3D('',#3018,#3019,#3020);
#3018 = CARTESIAN_POINT('',(-147.75,96.486487828081,27.));
#3019 = DIRECTION('',(0.,2.22044604925E-16,1.));
#3020 = DIRECTION('',(1.,0.,0.));
#3021 = ADVANCED_FACE('',(#3022),#3028,.F.);
#3022 = FACE_BOUND('',#3023,.F.);
#3023 = EDGE_LOOP('',(#3024,#3025,#3026,#3027));
#3024 = ORIENTED_EDGE('',*,*,#1457,.F.);
#3025 = ORIENTED_EDGE('',*,*,#3011,.T.);
#3026 = ORIENTED_EDGE('',*,*,#2421,.T.);
#3027 = ORIENTED_EDGE('',*,*,#2902,.F.);
#3028 = CYLINDRICAL_SURFACE('',#3029,4.);
#3029 = AXIS2_PLACEMENT_3D('',#3030,#3031,#3032);
#3030 = CARTESIAN_POINT('',(-128.25,96.486487828081,23.));
#3031 = DIRECTION('',(0.,1.,-2.22044604925E-16));
#3032 = DIRECTION('',(-1.,0.,0.));
#3033 = ADVANCED_FACE('',(#3034),#3045,.F.);
#3034 = FACE_BOUND('',#3035,.F.);
#3035 = EDGE_LOOP('',(#3036,#3037,#3043,#3044));
#3036 = ORIENTED_EDGE('',*,*,#1517,.F.);
#3037 = ORIENTED_EDGE('',*,*,#3038,.T.);
#3038 = EDGE_CURVE('',#1518,#2431,#3039,.T.);
#3039 = LINE('',#3040,#3041);
#3040 = CARTESIAN_POINT('',(-121.5,96.486487828081,17.));
#3041 = VECTOR('',#3042,1.);
#3042 = DIRECTION('',(0.,-1.,2.22044604925E-16));
#3043 = ORIENTED_EDGE('',*,*,#2430,.T.);
#3044 = ORIENTED_EDGE('',*,*,#3038,.F.);
#3045 = CYLINDRICAL_SURFACE('',#3046,1.5);
#3046 = AXIS2_PLACEMENT_3D('',#3047,#3048,#3049);
#3047 = CARTESIAN_POINT('',(-120.,96.486487828081,17.));
#3048 = DIRECTION('',(0.,1.,-2.22044604925E-16));
#3049 = DIRECTION('',(-1.,0.,0.));
#3050 = ADVANCED_FACE('',(#3051),#3062,.F.);
#3051 = FACE_BOUND('',#3052,.F.);
#3052 = EDGE_LOOP('',(#3053,#3054,#3060,#3061));
#3053 = ORIENTED_EDGE('',*,*,#1528,.F.);
#3054 = ORIENTED_EDGE('',*,*,#3055,.T.);
#3055 = EDGE_CURVE('',#1529,#2486,#3056,.T.);
#3056 = LINE('',#3057,#3058);
#3057 = CARTESIAN_POINT('',(-144.,96.486487828081,39.));
#3058 = VECTOR('',#3059,1.);
#3059 = DIRECTION('',(0.,-1.,2.22044604925E-16));
#3060 = ORIENTED_EDGE('',*,*,#2485,.T.);
#3061 = ORIENTED_EDGE('',*,*,#3055,.F.);
#3062 = CYLINDRICAL_SURFACE('',#3063,6.);
#3063 = AXIS2_PLACEMENT_3D('',#3064,#3065,#3066);
#3064 = CARTESIAN_POINT('',(-138.,96.486487828081,39.));
#3065 = DIRECTION('',(0.,1.,-2.22044604925E-16));
#3066 = DIRECTION('',(-1.,0.,0.));
#3067 = ADVANCED_FACE('',(#3068),#3079,.F.);
#3068 = FACE_BOUND('',#3069,.F.);
#3069 = EDGE_LOOP('',(#3070,#3071,#3077,#3078));
#3070 = ORIENTED_EDGE('',*,*,#1539,.F.);
#3071 = ORIENTED_EDGE('',*,*,#3072,.T.);
#3072 = EDGE_CURVE('',#1540,#2442,#3073,.T.);
#3073 = LINE('',#3074,#3075);
#3074 = CARTESIAN_POINT('',(77.95,96.486487828081,13.));
#3075 = VECTOR('',#3076,1.);
#3076 = DIRECTION('',(0.,-1.,2.22044604925E-16));
#3077 = ORIENTED_EDGE('',*,*,#2441,.T.);
#3078 = ORIENTED_EDGE('',*,*,#3072,.F.);
#3079 = CYLINDRICAL_SURFACE('',#3080,1.55);
#3080 = AXIS2_PLACEMENT_3D('',#3081,#3082,#3083);
#3081 = CARTESIAN_POINT('',(79.5,96.486487828081,13.));
#3082 = DIRECTION('',(0.,1.,-2.22044604925E-16));
#3083 = DIRECTION('',(-1.,0.,0.));
#3084 = ADVANCED_FACE('',(#3085),#3096,.F.);
#3085 = FACE_BOUND('',#3086,.F.);
#3086 = EDGE_LOOP('',(#3087,#3088,#3094,#3095));
#3087 = ORIENTED_EDGE('',*,*,#1550,.F.);
#3088 = ORIENTED_EDGE('',*,*,#3089,.T.);
#3089 = EDGE_CURVE('',#1551,#2453,#3090,.T.);
#3090 = LINE('',#3091,#3092);
#3091 = CARTESIAN_POINT('',(58.2,96.486487828081,25.));
#3092 = VECTOR('',#3093,1.);
#3093 = DIRECTION('',(0.,-1.,2.22044604925E-16));
#3094 = ORIENTED_EDGE('',*,*,#2452,.T.);
#3095 = ORIENTED_EDGE('',*,*,#3089,.F.);
#3096 = CYLINDRICAL_SURFACE('',#3097,11.8);
#3097 = AXIS2_PLACEMENT_3D('',#3098,#3099,#3100);
#3098 = CARTESIAN_POINT('',(70.,96.486487828081,25.));
#3099 = DIRECTION('',(0.,1.,-2.22044604925E-16));
#3100 = DIRECTION('',(-1.,0.,0.));
#3101 = ADVANCED_FACE('',(#3102),#3113,.F.);
#3102 = FACE_BOUND('',#3103,.F.);
#3103 = EDGE_LOOP('',(#3104,#3105,#3111,#3112));
#3104 = ORIENTED_EDGE('',*,*,#1561,.F.);
#3105 = ORIENTED_EDGE('',*,*,#3106,.T.);
#3106 = EDGE_CURVE('',#1562,#2464,#3107,.T.);
#3107 = LINE('',#3108,#3109);
#3108 = CARTESIAN_POINT('',(110.,96.486487828081,25.));
#3109 = VECTOR('',#3110,1.);
#3110 = DIRECTION('',(0.,-1.,2.22044604925E-16));
#3111 = ORIENTED_EDGE('',*,*,#2463,.T.);
#3112 = ORIENTED_EDGE('',*,*,#3106,.F.);
#3113 = CYLINDRICAL_SURFACE('',#3114,10.);
#3114 = AXIS2_PLACEMENT_3D('',#3115,#3116,#3117);
#3115 = CARTESIAN_POINT('',(120.,96.486487828081,25.));
#3116 = DIRECTION('',(0.,1.,-2.22044604925E-16));
#3117 = DIRECTION('',(-1.,0.,0.));
#3118 = ADVANCED_FACE('',(#3119),#3130,.F.);
#3119 = FACE_BOUND('',#3120,.F.);
#3120 = EDGE_LOOP('',(#3121,#3122,#3128,#3129));
#3121 = ORIENTED_EDGE('',*,*,#1572,.F.);
#3122 = ORIENTED_EDGE('',*,*,#3123,.T.);
#3123 = EDGE_CURVE('',#1573,#2475,#3124,.T.);
#3124 = LINE('',#3125,#3126);
#3125 = CARTESIAN_POINT('',(140.,96.486487828081,25.));
#3126 = VECTOR('',#3127,1.);
#3127 = DIRECTION('',(0.,-1.,2.22044604925E-16));
#3128 = ORIENTED_EDGE('',*,*,#2474,.T.);
#3129 = ORIENTED_EDGE('',*,*,#3123,.F.);
#3130 = CYLINDRICAL_SURFACE('',#3131,10.);
#3131 = AXIS2_PLACEMENT_3D('',#3132,#3133,#3134);
#3132 = CARTESIAN_POINT('',(150.,96.486487828081,25.));
#3133 = DIRECTION('',(0.,1.,-2.22044604925E-16));
#3134 = DIRECTION('',(-1.,0.,0.));
#3135 = ADVANCED_FACE('',(#3136),#3147,.F.);
#3136 = FACE_BOUND('',#3137,.F.);
#3137 = EDGE_LOOP('',(#3138,#3139,#3145,#3146));
#3138 = ORIENTED_EDGE('',*,*,#1583,.F.);
#3139 = ORIENTED_EDGE('',*,*,#3140,.T.);
#3140 = EDGE_CURVE('',#1584,#2497,#3141,.T.);
#3141 = LINE('',#3142,#3143);
#3142 = CARTESIAN_POINT('',(58.95,96.486487828081,37.));
#3143 = VECTOR('',#3144,1.);
#3144 = DIRECTION('',(0.,-1.,2.22044604925E-16));
#3145 = ORIENTED_EDGE('',*,*,#2496,.T.);
#3146 = ORIENTED_EDGE('',*,*,#3140,.F.);
#3147 = CYLINDRICAL_SURFACE('',#3148,1.55);
#3148 = AXIS2_PLACEMENT_3D('',#3149,#3150,#3151);
#3149 = CARTESIAN_POINT('',(60.5,96.486487828081,37.));
#3150 = DIRECTION('',(0.,1.,-2.22044604925E-16));
#3151 = DIRECTION('',(-1.,0.,0.));
#3152 = ADVANCED_FACE('',(#3153),#3164,.F.);
#3153 = FACE_BOUND('',#3154,.F.);
#3154 = EDGE_LOOP('',(#3155,#3156,#3157,#3158));
#3155 = ORIENTED_EDGE('',*,*,#1669,.T.);
#3156 = ORIENTED_EDGE('',*,*,#1627,.T.);
#3157 = ORIENTED_EDGE('',*,*,#1649,.F.);
#3158 = ORIENTED_EDGE('',*,*,#3159,.F.);
#3159 = EDGE_CURVE('',#1670,#1603,#3160,.T.);
#3160 = LINE('',#3161,#3162);
#3161 = CARTESIAN_POINT('',(177.25,-94.48648782808,1.));
#3162 = VECTOR('',#3163,1.);
#3163 = DIRECTION('',(-1.,0.,0.));
#3164 = CYLINDRICAL_SURFACE('',#3165,1.);
#3165 = AXIS2_PLACEMENT_3D('',#3166,#3167,#3168);
#3166 = CARTESIAN_POINT('',(173.25,-94.48648782808,2.));
#3167 = DIRECTION('',(-1.,-0.,-0.));
#3168 = DIRECTION('',(0.,0.,-1.));
#3169 = ADVANCED_FACE('',(#3170),#3189,.F.);
#3170 = FACE_BOUND('',#3171,.T.);
#3171 = EDGE_LOOP('',(#3172,#3180,#3187,#3188));
#3172 = ORIENTED_EDGE('',*,*,#3173,.T.);
#3173 = EDGE_CURVE('',#1711,#3174,#3176,.T.);
#3174 = VERTEX_POINT('',#3175);
#3175 = CARTESIAN_POINT('',(-153.75,-76.48648782808,1.));
#3176 = LINE('',#3177,#3178);
#3177 = CARTESIAN_POINT('',(-153.75,-76.48648782808,0.));
#3178 = VECTOR('',#3179,1.);
#3179 = DIRECTION('',(0.,0.,1.));
#3180 = ORIENTED_EDGE('',*,*,#3181,.T.);
#3181 = EDGE_CURVE('',#3174,#3174,#3182,.T.);
#3182 = CIRCLE('',#3183,1.5);
#3183 = AXIS2_PLACEMENT_3D('',#3184,#3185,#3186);
#3184 = CARTESIAN_POINT('',(-155.25,-76.48648782808,1.));
#3185 = DIRECTION('',(0.,0.,1.));
#3186 = DIRECTION('',(1.,0.,0.));
#3187 = ORIENTED_EDGE('',*,*,#3173,.F.);
#3188 = ORIENTED_EDGE('',*,*,#1710,.F.);
#3189 = CYLINDRICAL_SURFACE('',#3190,1.5);
#3190 = AXIS2_PLACEMENT_3D('',#3191,#3192,#3193);
#3191 = CARTESIAN_POINT('',(-155.25,-76.48648782808,0.));
#3192 = DIRECTION('',(-0.,-0.,-1.));
#3193 = DIRECTION('',(1.,0.,0.));
#3194 = ADVANCED_FACE('',(#3195),#3214,.F.);
#3195 = FACE_BOUND('',#3196,.T.);
#3196 = EDGE_LOOP('',(#3197,#3205,#3212,#3213));
#3197 = ORIENTED_EDGE('',*,*,#3198,.T.);
#3198 = EDGE_CURVE('',#1722,#3199,#3201,.T.);
#3199 = VERTEX_POINT('',#3200);
#3200 = CARTESIAN_POINT('',(-27.15,-76.08648782808,1.));
#3201 = LINE('',#3202,#3203);
#3202 = CARTESIAN_POINT('',(-27.15,-76.08648782808,0.));
#3203 = VECTOR('',#3204,1.);
#3204 = DIRECTION('',(0.,0.,1.));
#3205 = ORIENTED_EDGE('',*,*,#3206,.T.);
#3206 = EDGE_CURVE('',#3199,#3199,#3207,.T.);
#3207 = CIRCLE('',#3208,1.5);
#3208 = AXIS2_PLACEMENT_3D('',#3209,#3210,#3211);
#3209 = CARTESIAN_POINT('',(-28.65,-76.08648782808,1.));
#3210 = DIRECTION('',(0.,0.,1.));
#3211 = DIRECTION('',(1.,0.,0.));
#3212 = ORIENTED_EDGE('',*,*,#3198,.F.);
#3213 = ORIENTED_EDGE('',*,*,#1721,.F.);
#3214 = CYLINDRICAL_SURFACE('',#3215,1.5);
#3215 = AXIS2_PLACEMENT_3D('',#3216,#3217,#3218);
#3216 = CARTESIAN_POINT('',(-28.65,-76.08648782808,0.));
#3217 = DIRECTION('',(-0.,-0.,-1.));
#3218 = DIRECTION('',(1.,0.,0.));
#3219 = ADVANCED_FACE('',(#3220),#3239,.F.);
#3220 = FACE_BOUND('',#3221,.T.);
#3221 = EDGE_LOOP('',(#3222,#3230,#3237,#3238));
#3222 = ORIENTED_EDGE('',*,*,#3223,.T.);
#3223 = EDGE_CURVE('',#1733,#3224,#3226,.T.);
#3224 = VERTEX_POINT('',#3225);
#3225 = CARTESIAN_POINT('',(15.85,-76.08648782808,1.));
#3226 = LINE('',#3227,#3228);
#3227 = CARTESIAN_POINT('',(15.85,-76.08648782808,0.));
#3228 = VECTOR('',#3229,1.);
#3229 = DIRECTION('',(0.,0.,1.));
#3230 = ORIENTED_EDGE('',*,*,#3231,.T.);
#3231 = EDGE_CURVE('',#3224,#3224,#3232,.T.);
#3232 = CIRCLE('',#3233,1.5);
#3233 = AXIS2_PLACEMENT_3D('',#3234,#3235,#3236);
#3234 = CARTESIAN_POINT('',(14.35,-76.08648782808,1.));
#3235 = DIRECTION('',(0.,0.,1.));
#3236 = DIRECTION('',(1.,0.,0.));
#3237 = ORIENTED_EDGE('',*,*,#3223,.F.);
#3238 = ORIENTED_EDGE('',*,*,#1732,.F.);
#3239 = CYLINDRICAL_SURFACE('',#3240,1.5);
#3240 = AXIS2_PLACEMENT_3D('',#3241,#3242,#3243);
#3241 = CARTESIAN_POINT('',(14.35,-76.08648782808,0.));
#3242 = DIRECTION('',(-0.,-0.,-1.));
#3243 = DIRECTION('',(1.,0.,0.));
#3244 = ADVANCED_FACE('',(#3245),#3271,.F.);
#3245 = FACE_BOUND('',#3246,.T.);
#3246 = EDGE_LOOP('',(#3247,#3255,#3264,#3270));
#3247 = ORIENTED_EDGE('',*,*,#3248,.T.);
#3248 = EDGE_CURVE('',#1744,#3249,#3251,.T.);
#3249 = VERTEX_POINT('',#3250);
#3250 = CARTESIAN_POINT('',(56.1,-79.08648782808,1.));
#3251 = LINE('',#3252,#3253);
#3252 = CARTESIAN_POINT('',(56.1,-79.08648782808,0.));
#3253 = VECTOR('',#3254,1.);
#3254 = DIRECTION('',(0.,0.,1.));
#3255 = ORIENTED_EDGE('',*,*,#3256,.T.);
#3256 = EDGE_CURVE('',#3249,#3257,#3259,.T.);
#3257 = VERTEX_POINT('',#3258);
#3258 = CARTESIAN_POINT('',(56.1,-81.78648782808,1.));
#3259 = CIRCLE('',#3260,1.35);
#3260 = AXIS2_PLACEMENT_3D('',#3261,#3262,#3263);
#3261 = CARTESIAN_POINT('',(56.1,-80.43648782808,1.));
#3262 = DIRECTION('',(0.,0.,1.));
#3263 = DIRECTION('',(1.,0.,0.));
#3264 = ORIENTED_EDGE('',*,*,#3265,.F.);
#3265 = EDGE_CURVE('',#1746,#3257,#3266,.T.);
#3266 = LINE('',#3267,#3268);
#3267 = CARTESIAN_POINT('',(56.1,-81.78648782808,0.));
#3268 = VECTOR('',#3269,1.);
#3269 = DIRECTION('',(0.,0.,1.));
#3270 = ORIENTED_EDGE('',*,*,#1743,.F.);
#3271 = CYLINDRICAL_SURFACE('',#3272,1.35);
#3272 = AXIS2_PLACEMENT_3D('',#3273,#3274,#3275);
#3273 = CARTESIAN_POINT('',(56.1,-80.43648782808,0.));
#3274 = DIRECTION('',(-0.,-0.,-1.));
#3275 = DIRECTION('',(1.,0.,0.));
#3276 = ADVANCED_FACE('',(#3277),#3295,.F.);
#3277 = FACE_BOUND('',#3278,.F.);
#3278 = EDGE_LOOP('',(#3279,#3280,#3288,#3294));
#3279 = ORIENTED_EDGE('',*,*,#3248,.T.);
#3280 = ORIENTED_EDGE('',*,*,#3281,.T.);
#3281 = EDGE_CURVE('',#3249,#3282,#3284,.T.);
#3282 = VERTEX_POINT('',#3283);
#3283 = CARTESIAN_POINT('',(61.1,-79.08648782808,1.));
#3284 = LINE('',#3285,#3286);
#3285 = CARTESIAN_POINT('',(56.1,-79.08648782808,1.));
#3286 = VECTOR('',#3287,1.);
#3287 = DIRECTION('',(1.,0.,0.));
#3288 = ORIENTED_EDGE('',*,*,#3289,.F.);
#3289 = EDGE_CURVE('',#1755,#3282,#3290,.T.);
#3290 = LINE('',#3291,#3292);
#3291 = CARTESIAN_POINT('',(61.1,-79.08648782808,0.));
#3292 = VECTOR('',#3293,1.);
#3293 = DIRECTION('',(0.,0.,1.));
#3294 = ORIENTED_EDGE('',*,*,#1754,.F.);
#3295 = PLANE('',#3296);
#3296 = AXIS2_PLACEMENT_3D('',#3297,#3298,#3299);
#3297 = CARTESIAN_POINT('',(56.1,-79.08648782808,0.));
#3298 = DIRECTION('',(0.,1.,0.));
#3299 = DIRECTION('',(1.,0.,0.));
#3300 = ADVANCED_FACE('',(#3301),#3319,.T.);
#3301 = FACE_BOUND('',#3302,.T.);
#3302 = EDGE_LOOP('',(#3303,#3304,#3312,#3318));
#3303 = ORIENTED_EDGE('',*,*,#3265,.T.);
#3304 = ORIENTED_EDGE('',*,*,#3305,.T.);
#3305 = EDGE_CURVE('',#3257,#3306,#3308,.T.);
#3306 = VERTEX_POINT('',#3307);
#3307 = CARTESIAN_POINT('',(61.1,-81.78648782808,1.));
#3308 = LINE('',#3309,#3310);
#3309 = CARTESIAN_POINT('',(56.1,-81.78648782808,1.));
#3310 = VECTOR('',#3311,1.);
#3311 = DIRECTION('',(1.,0.,0.));
#3312 = ORIENTED_EDGE('',*,*,#3313,.F.);
#3313 = EDGE_CURVE('',#1763,#3306,#3314,.T.);
#3314 = LINE('',#3315,#3316);
#3315 = CARTESIAN_POINT('',(61.1,-81.78648782808,0.));
#3316 = VECTOR('',#3317,1.);
#3317 = DIRECTION('',(0.,0.,1.));
#3318 = ORIENTED_EDGE('',*,*,#1771,.F.);
#3319 = PLANE('',#3320);
#3320 = AXIS2_PLACEMENT_3D('',#3321,#3322,#3323);
#3321 = CARTESIAN_POINT('',(56.1,-81.78648782808,0.));
#3322 = DIRECTION('',(0.,1.,0.));
#3323 = DIRECTION('',(1.,0.,0.));
#3324 = ADVANCED_FACE('',(#3325),#3337,.F.);
#3325 = FACE_BOUND('',#3326,.T.);
#3326 = EDGE_LOOP('',(#3327,#3328,#3335,#3336));
#3327 = ORIENTED_EDGE('',*,*,#3313,.T.);
#3328 = ORIENTED_EDGE('',*,*,#3329,.T.);
#3329 = EDGE_CURVE('',#3306,#3282,#3330,.T.);
#3330 = CIRCLE('',#3331,1.35);
#3331 = AXIS2_PLACEMENT_3D('',#3332,#3333,#3334);
#3332 = CARTESIAN_POINT('',(61.1,-80.43648782808,1.));
#3333 = DIRECTION('',(0.,0.,1.));
#3334 = DIRECTION('',(1.,0.,0.));
#3335 = ORIENTED_EDGE('',*,*,#3289,.F.);
#3336 = ORIENTED_EDGE('',*,*,#1762,.F.);
#3337 = CYLINDRICAL_SURFACE('',#3338,1.35);
#3338 = AXIS2_PLACEMENT_3D('',#3339,#3340,#3341);
#3339 = CARTESIAN_POINT('',(61.1,-80.43648782808,0.));
#3340 = DIRECTION('',(-0.,-0.,-1.));
#3341 = DIRECTION('',(1.,0.,0.));
#3342 = ADVANCED_FACE('',(#3343),#3369,.F.);
#3343 = FACE_BOUND('',#3344,.T.);
#3344 = EDGE_LOOP('',(#3345,#3353,#3362,#3368));
#3345 = ORIENTED_EDGE('',*,*,#3346,.T.);
#3346 = EDGE_CURVE('',#1780,#3347,#3349,.T.);
#3347 = VERTEX_POINT('',#3348);
#3348 = CARTESIAN_POINT('',(105.1,-79.08648782808,1.));
#3349 = LINE('',#3350,#3351);
#3350 = CARTESIAN_POINT('',(105.1,-79.08648782808,0.));
#3351 = VECTOR('',#3352,1.);
#3352 = DIRECTION('',(0.,0.,1.));
#3353 = ORIENTED_EDGE('',*,*,#3354,.T.);
#3354 = EDGE_CURVE('',#3347,#3355,#3357,.T.);
#3355 = VERTEX_POINT('',#3356);
#3356 = CARTESIAN_POINT('',(105.1,-81.78648782808,1.));
#3357 = CIRCLE('',#3358,1.35);
#3358 = AXIS2_PLACEMENT_3D('',#3359,#3360,#3361);
#3359 = CARTESIAN_POINT('',(105.1,-80.43648782808,1.));
#3360 = DIRECTION('',(0.,0.,1.));
#3361 = DIRECTION('',(1.,0.,0.));
#3362 = ORIENTED_EDGE('',*,*,#3363,.F.);
#3363 = EDGE_CURVE('',#1782,#3355,#3364,.T.);
#3364 = LINE('',#3365,#3366);
#3365 = CARTESIAN_POINT('',(105.1,-81.78648782808,0.));
#3366 = VECTOR('',#3367,1.);
#3367 = DIRECTION('',(0.,0.,1.));
#3368 = ORIENTED_EDGE('',*,*,#1779,.F.);
#3369 = CYLINDRICAL_SURFACE('',#3370,1.35);
#3370 = AXIS2_PLACEMENT_3D('',#3371,#3372,#3373);
#3371 = CARTESIAN_POINT('',(105.1,-80.43648782808,0.));
#3372 = DIRECTION('',(-0.,-0.,-1.));
#3373 = DIRECTION('',(1.,0.,0.));
#3374 = ADVANCED_FACE('',(#3375),#3393,.F.);
#3375 = FACE_BOUND('',#3376,.F.);
#3376 = EDGE_LOOP('',(#3377,#3378,#3386,#3392));
#3377 = ORIENTED_EDGE('',*,*,#3346,.T.);
#3378 = ORIENTED_EDGE('',*,*,#3379,.T.);
#3379 = EDGE_CURVE('',#3347,#3380,#3382,.T.);
#3380 = VERTEX_POINT('',#3381);
#3381 = CARTESIAN_POINT('',(110.1,-79.08648782808,1.));
#3382 = LINE('',#3383,#3384);
#3383 = CARTESIAN_POINT('',(105.1,-79.08648782808,1.));
#3384 = VECTOR('',#3385,1.);
#3385 = DIRECTION('',(1.,0.,0.));
#3386 = ORIENTED_EDGE('',*,*,#3387,.F.);
#3387 = EDGE_CURVE('',#1791,#3380,#3388,.T.);
#3388 = LINE('',#3389,#3390);
#3389 = CARTESIAN_POINT('',(110.1,-79.08648782808,0.));
#3390 = VECTOR('',#3391,1.);
#3391 = DIRECTION('',(0.,0.,1.));
#3392 = ORIENTED_EDGE('',*,*,#1790,.F.);
#3393 = PLANE('',#3394);
#3394 = AXIS2_PLACEMENT_3D('',#3395,#3396,#3397);
#3395 = CARTESIAN_POINT('',(105.1,-79.08648782808,0.));
#3396 = DIRECTION('',(0.,1.,0.));
#3397 = DIRECTION('',(1.,0.,0.));
#3398 = ADVANCED_FACE('',(#3399),#3417,.T.);
#3399 = FACE_BOUND('',#3400,.T.);
#3400 = EDGE_LOOP('',(#3401,#3402,#3410,#3416));
#3401 = ORIENTED_EDGE('',*,*,#3363,.T.);
#3402 = ORIENTED_EDGE('',*,*,#3403,.T.);
#3403 = EDGE_CURVE('',#3355,#3404,#3406,.T.);
#3404 = VERTEX_POINT('',#3405);
#3405 = CARTESIAN_POINT('',(110.1,-81.78648782808,1.));
#3406 = LINE('',#3407,#3408);
#3407 = CARTESIAN_POINT('',(105.1,-81.78648782808,1.));
#3408 = VECTOR('',#3409,1.);
#3409 = DIRECTION('',(1.,0.,0.));
#3410 = ORIENTED_EDGE('',*,*,#3411,.F.);
#3411 = EDGE_CURVE('',#1799,#3404,#3412,.T.);
#3412 = LINE('',#3413,#3414);
#3413 = CARTESIAN_POINT('',(110.1,-81.78648782808,0.));
#3414 = VECTOR('',#3415,1.);
#3415 = DIRECTION('',(0.,0.,1.));
#3416 = ORIENTED_EDGE('',*,*,#1807,.F.);
#3417 = PLANE('',#3418);
#3418 = AXIS2_PLACEMENT_3D('',#3419,#3420,#3421);
#3419 = CARTESIAN_POINT('',(105.1,-81.78648782808,0.));
#3420 = DIRECTION('',(0.,1.,0.));
#3421 = DIRECTION('',(1.,0.,0.));
#3422 = ADVANCED_FACE('',(#3423),#3435,.F.);
#3423 = FACE_BOUND('',#3424,.T.);
#3424 = EDGE_LOOP('',(#3425,#3426,#3433,#3434));
#3425 = ORIENTED_EDGE('',*,*,#3411,.T.);
#3426 = ORIENTED_EDGE('',*,*,#3427,.T.);
#3427 = EDGE_CURVE('',#3404,#3380,#3428,.T.);
#3428 = CIRCLE('',#3429,1.35);
#3429 = AXIS2_PLACEMENT_3D('',#3430,#3431,#3432);
#3430 = CARTESIAN_POINT('',(110.1,-80.43648782808,1.));
#3431 = DIRECTION('',(0.,0.,1.));
#3432 = DIRECTION('',(1.,0.,0.));
#3433 = ORIENTED_EDGE('',*,*,#3387,.F.);
#3434 = ORIENTED_EDGE('',*,*,#1798,.F.);
#3435 = CYLINDRICAL_SURFACE('',#3436,1.35);
#3436 = AXIS2_PLACEMENT_3D('',#3437,#3438,#3439);
#3437 = CARTESIAN_POINT('',(110.1,-80.43648782808,0.));
#3438 = DIRECTION('',(-0.,-0.,-1.));
#3439 = DIRECTION('',(1.,0.,0.));
#3440 = ADVANCED_FACE('',(#3441),#3460,.F.);
#3441 = FACE_BOUND('',#3442,.T.);
#3442 = EDGE_LOOP('',(#3443,#3451,#3458,#3459));
#3443 = ORIENTED_EDGE('',*,*,#3444,.T.);
#3444 = EDGE_CURVE('',#1816,#3445,#3447,.T.);
#3445 = VERTEX_POINT('',#3446);
#3446 = CARTESIAN_POINT('',(156.75,-76.48648782808,1.));
#3447 = LINE('',#3448,#3449);
#3448 = CARTESIAN_POINT('',(156.75,-76.48648782808,0.));
#3449 = VECTOR('',#3450,1.);
#3450 = DIRECTION('',(0.,0.,1.));
#3451 = ORIENTED_EDGE('',*,*,#3452,.T.);
#3452 = EDGE_CURVE('',#3445,#3445,#3453,.T.);
#3453 = CIRCLE('',#3454,1.5);
#3454 = AXIS2_PLACEMENT_3D('',#3455,#3456,#3457);
#3455 = CARTESIAN_POINT('',(155.25,-76.48648782808,1.));
#3456 = DIRECTION('',(0.,0.,1.));
#3457 = DIRECTION('',(1.,0.,0.));
#3458 = ORIENTED_EDGE('',*,*,#3444,.F.);
#3459 = ORIENTED_EDGE('',*,*,#1815,.F.);
#3460 = CYLINDRICAL_SURFACE('',#3461,1.5);
#3461 = AXIS2_PLACEMENT_3D('',#3462,#3463,#3464);
#3462 = CARTESIAN_POINT('',(155.25,-76.48648782808,0.));
#3463 = DIRECTION('',(-0.,-0.,-1.));
#3464 = DIRECTION('',(1.,0.,0.));
#3465 = ADVANCED_FACE('',(#3466),#3492,.F.);
#3466 = FACE_BOUND('',#3467,.T.);
#3467 = EDGE_LOOP('',(#3468,#3476,#3485,#3491));
#3468 = ORIENTED_EDGE('',*,*,#3469,.T.);
#3469 = EDGE_CURVE('',#1827,#3470,#3472,.T.);
#3470 = VERTEX_POINT('',#3471);
#3471 = CARTESIAN_POINT('',(56.1,-21.08648782808,1.));
#3472 = LINE('',#3473,#3474);
#3473 = CARTESIAN_POINT('',(56.1,-21.08648782808,0.));
#3474 = VECTOR('',#3475,1.);
#3475 = DIRECTION('',(0.,0.,1.));
#3476 = ORIENTED_EDGE('',*,*,#3477,.T.);
#3477 = EDGE_CURVE('',#3470,#3478,#3480,.T.);
#3478 = VERTEX_POINT('',#3479);
#3479 = CARTESIAN_POINT('',(56.1,-23.78648782808,1.));
#3480 = CIRCLE('',#3481,1.35);
#3481 = AXIS2_PLACEMENT_3D('',#3482,#3483,#3484);
#3482 = CARTESIAN_POINT('',(56.1,-22.43648782808,1.));
#3483 = DIRECTION('',(0.,0.,1.));
#3484 = DIRECTION('',(1.,0.,0.));
#3485 = ORIENTED_EDGE('',*,*,#3486,.F.);
#3486 = EDGE_CURVE('',#1829,#3478,#3487,.T.);
#3487 = LINE('',#3488,#3489);
#3488 = CARTESIAN_POINT('',(56.1,-23.78648782808,0.));
#3489 = VECTOR('',#3490,1.);
#3490 = DIRECTION('',(0.,0.,1.));
#3491 = ORIENTED_EDGE('',*,*,#1826,.F.);
#3492 = CYLINDRICAL_SURFACE('',#3493,1.35);
#3493 = AXIS2_PLACEMENT_3D('',#3494,#3495,#3496);
#3494 = CARTESIAN_POINT('',(56.1,-22.43648782808,0.));
#3495 = DIRECTION('',(-0.,-0.,-1.));
#3496 = DIRECTION('',(1.,0.,0.));
#3497 = ADVANCED_FACE('',(#3498),#3516,.F.);
#3498 = FACE_BOUND('',#3499,.F.);
#3499 = EDGE_LOOP('',(#3500,#3501,#3509,#3515));
#3500 = ORIENTED_EDGE('',*,*,#3469,.T.);
#3501 = ORIENTED_EDGE('',*,*,#3502,.T.);
#3502 = EDGE_CURVE('',#3470,#3503,#3505,.T.);
#3503 = VERTEX_POINT('',#3504);
#3504 = CARTESIAN_POINT('',(61.1,-21.08648782808,1.));
#3505 = LINE('',#3506,#3507);
#3506 = CARTESIAN_POINT('',(56.1,-21.08648782808,1.));
#3507 = VECTOR('',#3508,1.);
#3508 = DIRECTION('',(1.,0.,0.));
#3509 = ORIENTED_EDGE('',*,*,#3510,.F.);
#3510 = EDGE_CURVE('',#1838,#3503,#3511,.T.);
#3511 = LINE('',#3512,#3513);
#3512 = CARTESIAN_POINT('',(61.1,-21.08648782808,0.));
#3513 = VECTOR('',#3514,1.);
#3514 = DIRECTION('',(0.,0.,1.));
#3515 = ORIENTED_EDGE('',*,*,#1837,.F.);
#3516 = PLANE('',#3517);
#3517 = AXIS2_PLACEMENT_3D('',#3518,#3519,#3520);
#3518 = CARTESIAN_POINT('',(56.1,-21.08648782808,0.));
#3519 = DIRECTION('',(0.,1.,0.));
#3520 = DIRECTION('',(1.,0.,0.));
#3521 = ADVANCED_FACE('',(#3522),#3540,.T.);
#3522 = FACE_BOUND('',#3523,.T.);
#3523 = EDGE_LOOP('',(#3524,#3525,#3533,#3539));
#3524 = ORIENTED_EDGE('',*,*,#3486,.T.);
#3525 = ORIENTED_EDGE('',*,*,#3526,.T.);
#3526 = EDGE_CURVE('',#3478,#3527,#3529,.T.);
#3527 = VERTEX_POINT('',#3528);
#3528 = CARTESIAN_POINT('',(61.1,-23.78648782808,1.));
#3529 = LINE('',#3530,#3531);
#3530 = CARTESIAN_POINT('',(56.1,-23.78648782808,1.));
#3531 = VECTOR('',#3532,1.);
#3532 = DIRECTION('',(1.,0.,0.));
#3533 = ORIENTED_EDGE('',*,*,#3534,.F.);
#3534 = EDGE_CURVE('',#1846,#3527,#3535,.T.);
#3535 = LINE('',#3536,#3537);
#3536 = CARTESIAN_POINT('',(61.1,-23.78648782808,0.));
#3537 = VECTOR('',#3538,1.);
#3538 = DIRECTION('',(0.,0.,1.));
#3539 = ORIENTED_EDGE('',*,*,#1854,.F.);
#3540 = PLANE('',#3541);
#3541 = AXIS2_PLACEMENT_3D('',#3542,#3543,#3544);
#3542 = CARTESIAN_POINT('',(56.1,-23.78648782808,0.));
#3543 = DIRECTION('',(0.,1.,0.));
#3544 = DIRECTION('',(1.,0.,0.));
#3545 = ADVANCED_FACE('',(#3546),#3558,.F.);
#3546 = FACE_BOUND('',#3547,.T.);
#3547 = EDGE_LOOP('',(#3548,#3549,#3556,#3557));
#3548 = ORIENTED_EDGE('',*,*,#3534,.T.);
#3549 = ORIENTED_EDGE('',*,*,#3550,.T.);
#3550 = EDGE_CURVE('',#3527,#3503,#3551,.T.);
#3551 = CIRCLE('',#3552,1.35);
#3552 = AXIS2_PLACEMENT_3D('',#3553,#3554,#3555);
#3553 = CARTESIAN_POINT('',(61.1,-22.43648782808,1.));
#3554 = DIRECTION('',(0.,0.,1.));
#3555 = DIRECTION('',(1.,0.,0.));
#3556 = ORIENTED_EDGE('',*,*,#3510,.F.);
#3557 = ORIENTED_EDGE('',*,*,#1845,.F.);
#3558 = CYLINDRICAL_SURFACE('',#3559,1.35);
#3559 = AXIS2_PLACEMENT_3D('',#3560,#3561,#3562);
#3560 = CARTESIAN_POINT('',(61.1,-22.43648782808,0.));
#3561 = DIRECTION('',(-0.,-0.,-1.));
#3562 = DIRECTION('',(1.,0.,0.));
#3563 = ADVANCED_FACE('',(#3564),#3590,.F.);
#3564 = FACE_BOUND('',#3565,.T.);
#3565 = EDGE_LOOP('',(#3566,#3574,#3583,#3589));
#3566 = ORIENTED_EDGE('',*,*,#3567,.T.);
#3567 = EDGE_CURVE('',#1863,#3568,#3570,.T.);
#3568 = VERTEX_POINT('',#3569);
#3569 = CARTESIAN_POINT('',(105.1,-21.08648782808,1.));
#3570 = LINE('',#3571,#3572);
#3571 = CARTESIAN_POINT('',(105.1,-21.08648782808,0.));
#3572 = VECTOR('',#3573,1.);
#3573 = DIRECTION('',(0.,0.,1.));
#3574 = ORIENTED_EDGE('',*,*,#3575,.T.);
#3575 = EDGE_CURVE('',#3568,#3576,#3578,.T.);
#3576 = VERTEX_POINT('',#3577);
#3577 = CARTESIAN_POINT('',(105.1,-23.78648782808,1.));
#3578 = CIRCLE('',#3579,1.35);
#3579 = AXIS2_PLACEMENT_3D('',#3580,#3581,#3582);
#3580 = CARTESIAN_POINT('',(105.1,-22.43648782808,1.));
#3581 = DIRECTION('',(0.,0.,1.));
#3582 = DIRECTION('',(1.,0.,0.));
#3583 = ORIENTED_EDGE('',*,*,#3584,.F.);
#3584 = EDGE_CURVE('',#1865,#3576,#3585,.T.);
#3585 = LINE('',#3586,#3587);
#3586 = CARTESIAN_POINT('',(105.1,-23.78648782808,0.));
#3587 = VECTOR('',#3588,1.);
#3588 = DIRECTION('',(0.,0.,1.));
#3589 = ORIENTED_EDGE('',*,*,#1862,.F.);
#3590 = CYLINDRICAL_SURFACE('',#3591,1.35);
#3591 = AXIS2_PLACEMENT_3D('',#3592,#3593,#3594);
#3592 = CARTESIAN_POINT('',(105.1,-22.43648782808,0.));
#3593 = DIRECTION('',(-0.,-0.,-1.));
#3594 = DIRECTION('',(1.,0.,0.));
#3595 = ADVANCED_FACE('',(#3596),#3614,.F.);
#3596 = FACE_BOUND('',#3597,.F.);
#3597 = EDGE_LOOP('',(#3598,#3599,#3607,#3613));
#3598 = ORIENTED_EDGE('',*,*,#3567,.T.);
#3599 = ORIENTED_EDGE('',*,*,#3600,.T.);
#3600 = EDGE_CURVE('',#3568,#3601,#3603,.T.);
#3601 = VERTEX_POINT('',#3602);
#3602 = CARTESIAN_POINT('',(110.1,-21.08648782808,1.));
#3603 = LINE('',#3604,#3605);
#3604 = CARTESIAN_POINT('',(105.1,-21.08648782808,1.));
#3605 = VECTOR('',#3606,1.);
#3606 = DIRECTION('',(1.,0.,0.));
#3607 = ORIENTED_EDGE('',*,*,#3608,.F.);
#3608 = EDGE_CURVE('',#1874,#3601,#3609,.T.);
#3609 = LINE('',#3610,#3611);
#3610 = CARTESIAN_POINT('',(110.1,-21.08648782808,0.));
#3611 = VECTOR('',#3612,1.);
#3612 = DIRECTION('',(0.,0.,1.));
#3613 = ORIENTED_EDGE('',*,*,#1873,.F.);
#3614 = PLANE('',#3615);
#3615 = AXIS2_PLACEMENT_3D('',#3616,#3617,#3618);
#3616 = CARTESIAN_POINT('',(105.1,-21.08648782808,0.));
#3617 = DIRECTION('',(0.,1.,0.));
#3618 = DIRECTION('',(1.,0.,0.));
#3619 = ADVANCED_FACE('',(#3620),#3638,.T.);
#3620 = FACE_BOUND('',#3621,.T.);
#3621 = EDGE_LOOP('',(#3622,#3623,#3631,#3637));
#3622 = ORIENTED_EDGE('',*,*,#3584,.T.);
#3623 = ORIENTED_EDGE('',*,*,#3624,.T.);
#3624 = EDGE_CURVE('',#3576,#3625,#3627,.T.);
#3625 = VERTEX_POINT('',#3626);
#3626 = CARTESIAN_POINT('',(110.1,-23.78648782808,1.));
#3627 = LINE('',#3628,#3629);
#3628 = CARTESIAN_POINT('',(105.1,-23.78648782808,1.));
#3629 = VECTOR('',#3630,1.);
#3630 = DIRECTION('',(1.,0.,0.));
#3631 = ORIENTED_EDGE('',*,*,#3632,.F.);
#3632 = EDGE_CURVE('',#1882,#3625,#3633,.T.);
#3633 = LINE('',#3634,#3635);
#3634 = CARTESIAN_POINT('',(110.1,-23.78648782808,0.));
#3635 = VECTOR('',#3636,1.);
#3636 = DIRECTION('',(0.,0.,1.));
#3637 = ORIENTED_EDGE('',*,*,#1890,.F.);
#3638 = PLANE('',#3639);
#3639 = AXIS2_PLACEMENT_3D('',#3640,#3641,#3642);
#3640 = CARTESIAN_POINT('',(105.1,-23.78648782808,0.));
#3641 = DIRECTION('',(0.,1.,0.));
#3642 = DIRECTION('',(1.,0.,0.));
#3643 = ADVANCED_FACE('',(#3644),#3656,.F.);
#3644 = FACE_BOUND('',#3645,.T.);
#3645 = EDGE_LOOP('',(#3646,#3647,#3654,#3655));
#3646 = ORIENTED_EDGE('',*,*,#3632,.T.);
#3647 = ORIENTED_EDGE('',*,*,#3648,.T.);
#3648 = EDGE_CURVE('',#3625,#3601,#3649,.T.);
#3649 = CIRCLE('',#3650,1.35);
#3650 = AXIS2_PLACEMENT_3D('',#3651,#3652,#3653);
#3651 = CARTESIAN_POINT('',(110.1,-22.43648782808,1.));
#3652 = DIRECTION('',(0.,0.,1.));
#3653 = DIRECTION('',(1.,0.,0.));
#3654 = ORIENTED_EDGE('',*,*,#3608,.F.);
#3655 = ORIENTED_EDGE('',*,*,#1881,.F.);
#3656 = CYLINDRICAL_SURFACE('',#3657,1.35);
#3657 = AXIS2_PLACEMENT_3D('',#3658,#3659,#3660);
#3658 = CARTESIAN_POINT('',(110.1,-22.43648782808,0.));
#3659 = DIRECTION('',(-0.,-0.,-1.));
#3660 = DIRECTION('',(1.,0.,0.));
#3661 = ADVANCED_FACE('',(#3662),#3681,.F.);
#3662 = FACE_BOUND('',#3663,.T.);
#3663 = EDGE_LOOP('',(#3664,#3672,#3679,#3680));
#3664 = ORIENTED_EDGE('',*,*,#3665,.T.);
#3665 = EDGE_CURVE('',#1899,#3666,#3668,.T.);
#3666 = VERTEX_POINT('',#3667);
#3667 = CARTESIAN_POINT('',(-27.15,13.913512171919,1.));
#3668 = LINE('',#3669,#3670);
#3669 = CARTESIAN_POINT('',(-27.15,13.913512171919,0.));
#3670 = VECTOR('',#3671,1.);
#3671 = DIRECTION('',(0.,0.,1.));
#3672 = ORIENTED_EDGE('',*,*,#3673,.T.);
#3673 = EDGE_CURVE('',#3666,#3666,#3674,.T.);
#3674 = CIRCLE('',#3675,1.5);
#3675 = AXIS2_PLACEMENT_3D('',#3676,#3677,#3678);
#3676 = CARTESIAN_POINT('',(-28.65,13.913512171919,1.));
#3677 = DIRECTION('',(0.,0.,1.));
#3678 = DIRECTION('',(1.,0.,0.));
#3679 = ORIENTED_EDGE('',*,*,#3665,.F.);
#3680 = ORIENTED_EDGE('',*,*,#1898,.F.);
#3681 = CYLINDRICAL_SURFACE('',#3682,1.5);
#3682 = AXIS2_PLACEMENT_3D('',#3683,#3684,#3685);
#3683 = CARTESIAN_POINT('',(-28.65,13.913512171919,0.));
#3684 = DIRECTION('',(-0.,-0.,-1.));
#3685 = DIRECTION('',(1.,0.,0.));
#3686 = ADVANCED_FACE('',(#3687),#3706,.F.);
#3687 = FACE_BOUND('',#3688,.T.);
#3688 = EDGE_LOOP('',(#3689,#3697,#3704,#3705));
#3689 = ORIENTED_EDGE('',*,*,#3690,.T.);
#3690 = EDGE_CURVE('',#1910,#3691,#3693,.T.);
#3691 = VERTEX_POINT('',#3692);
#3692 = CARTESIAN_POINT('',(-153.75,76.486487828081,1.));
#3693 = LINE('',#3694,#3695);
#3694 = CARTESIAN_POINT('',(-153.75,76.486487828081,0.));
#3695 = VECTOR('',#3696,1.);
#3696 = DIRECTION('',(0.,0.,1.));
#3697 = ORIENTED_EDGE('',*,*,#3698,.T.);
#3698 = EDGE_CURVE('',#3691,#3691,#3699,.T.);
#3699 = CIRCLE('',#3700,1.5);
#3700 = AXIS2_PLACEMENT_3D('',#3701,#3702,#3703);
#3701 = CARTESIAN_POINT('',(-155.25,76.486487828081,1.));
#3702 = DIRECTION('',(0.,0.,1.));
#3703 = DIRECTION('',(1.,0.,0.));
#3704 = ORIENTED_EDGE('',*,*,#3690,.F.);
#3705 = ORIENTED_EDGE('',*,*,#1909,.F.);
#3706 = CYLINDRICAL_SURFACE('',#3707,1.5);
#3707 = AXIS2_PLACEMENT_3D('',#3708,#3709,#3710);
#3708 = CARTESIAN_POINT('',(-155.25,76.486487828081,0.));
#3709 = DIRECTION('',(-0.,-0.,-1.));
#3710 = DIRECTION('',(1.,0.,0.));
#3711 = ADVANCED_FACE('',(#3712),#3731,.F.);
#3712 = FACE_BOUND('',#3713,.T.);
#3713 = EDGE_LOOP('',(#3714,#3722,#3729,#3730));
#3714 = ORIENTED_EDGE('',*,*,#3715,.T.);
#3715 = EDGE_CURVE('',#1921,#3716,#3718,.T.);
#3716 = VERTEX_POINT('',#3717);
#3717 = CARTESIAN_POINT('',(-27.15,44.136487828081,1.));
#3718 = LINE('',#3719,#3720);
#3719 = CARTESIAN_POINT('',(-27.15,44.136487828081,0.));
#3720 = VECTOR('',#3721,1.);
#3721 = DIRECTION('',(0.,0.,1.));
#3722 = ORIENTED_EDGE('',*,*,#3723,.T.);
#3723 = EDGE_CURVE('',#3716,#3716,#3724,.T.);
#3724 = CIRCLE('',#3725,1.5);
#3725 = AXIS2_PLACEMENT_3D('',#3726,#3727,#3728);
#3726 = CARTESIAN_POINT('',(-28.65,44.136487828081,1.));
#3727 = DIRECTION('',(0.,0.,1.));
#3728 = DIRECTION('',(1.,0.,0.));
#3729 = ORIENTED_EDGE('',*,*,#3715,.F.);
#3730 = ORIENTED_EDGE('',*,*,#1920,.F.);
#3731 = CYLINDRICAL_SURFACE('',#3732,1.5);
#3732 = AXIS2_PLACEMENT_3D('',#3733,#3734,#3735);
#3733 = CARTESIAN_POINT('',(-28.65,44.136487828081,0.));
#3734 = DIRECTION('',(-0.,-0.,-1.));
#3735 = DIRECTION('',(1.,0.,0.));
#3736 = ADVANCED_FACE('',(#3737),#3756,.F.);
#3737 = FACE_BOUND('',#3738,.T.);
#3738 = EDGE_LOOP('',(#3739,#3747,#3754,#3755));
#3739 = ORIENTED_EDGE('',*,*,#3740,.T.);
#3740 = EDGE_CURVE('',#1932,#3741,#3743,.T.);
#3741 = VERTEX_POINT('',#3742);
#3742 = CARTESIAN_POINT('',(-27.15,70.836487828081,1.));
#3743 = LINE('',#3744,#3745);
#3744 = CARTESIAN_POINT('',(-27.15,70.836487828081,0.));
#3745 = VECTOR('',#3746,1.);
#3746 = DIRECTION('',(0.,0.,1.));
#3747 = ORIENTED_EDGE('',*,*,#3748,.T.);
#3748 = EDGE_CURVE('',#3741,#3741,#3749,.T.);
#3749 = CIRCLE('',#3750,1.5);
#3750 = AXIS2_PLACEMENT_3D('',#3751,#3752,#3753);
#3751 = CARTESIAN_POINT('',(-28.65,70.836487828081,1.));
#3752 = DIRECTION('',(0.,0.,1.));
#3753 = DIRECTION('',(1.,0.,0.));
#3754 = ORIENTED_EDGE('',*,*,#3740,.F.);
#3755 = ORIENTED_EDGE('',*,*,#1931,.F.);
#3756 = CYLINDRICAL_SURFACE('',#3757,1.5);
#3757 = AXIS2_PLACEMENT_3D('',#3758,#3759,#3760);
#3758 = CARTESIAN_POINT('',(-28.65,70.836487828081,0.));
#3759 = DIRECTION('',(-0.,-0.,-1.));
#3760 = DIRECTION('',(1.,0.,0.));
#3761 = ADVANCED_FACE('',(#3762),#3781,.F.);
#3762 = FACE_BOUND('',#3763,.T.);
#3763 = EDGE_LOOP('',(#3764,#3772,#3779,#3780));
#3764 = ORIENTED_EDGE('',*,*,#3765,.T.);
#3765 = EDGE_CURVE('',#1943,#3766,#3768,.T.);
#3766 = VERTEX_POINT('',#3767);
#3767 = CARTESIAN_POINT('',(15.85,13.913512171919,1.));
#3768 = LINE('',#3769,#3770);
#3769 = CARTESIAN_POINT('',(15.85,13.913512171919,0.));
#3770 = VECTOR('',#3771,1.);
#3771 = DIRECTION('',(0.,0.,1.));
#3772 = ORIENTED_EDGE('',*,*,#3773,.T.);
#3773 = EDGE_CURVE('',#3766,#3766,#3774,.T.);
#3774 = CIRCLE('',#3775,1.5);
#3775 = AXIS2_PLACEMENT_3D('',#3776,#3777,#3778);
#3776 = CARTESIAN_POINT('',(14.35,13.913512171919,1.));
#3777 = DIRECTION('',(0.,0.,1.));
#3778 = DIRECTION('',(1.,0.,0.));
#3779 = ORIENTED_EDGE('',*,*,#3765,.F.);
#3780 = ORIENTED_EDGE('',*,*,#1942,.F.);
#3781 = CYLINDRICAL_SURFACE('',#3782,1.5);
#3782 = AXIS2_PLACEMENT_3D('',#3783,#3784,#3785);
#3783 = CARTESIAN_POINT('',(14.35,13.913512171919,0.));
#3784 = DIRECTION('',(-0.,-0.,-1.));
#3785 = DIRECTION('',(1.,0.,0.));
#3786 = ADVANCED_FACE('',(#3787),#3806,.F.);
#3787 = FACE_BOUND('',#3788,.T.);
#3788 = EDGE_LOOP('',(#3789,#3797,#3804,#3805));
#3789 = ORIENTED_EDGE('',*,*,#3790,.T.);
#3790 = EDGE_CURVE('',#1954,#3791,#3793,.T.);
#3791 = VERTEX_POINT('',#3792);
#3792 = CARTESIAN_POINT('',(31.45,44.136487828081,1.));
#3793 = LINE('',#3794,#3795);
#3794 = CARTESIAN_POINT('',(31.45,44.136487828081,0.));
#3795 = VECTOR('',#3796,1.);
#3796 = DIRECTION('',(0.,0.,1.));
#3797 = ORIENTED_EDGE('',*,*,#3798,.T.);
#3798 = EDGE_CURVE('',#3791,#3791,#3799,.T.);
#3799 = CIRCLE('',#3800,1.5);
#3800 = AXIS2_PLACEMENT_3D('',#3801,#3802,#3803);
#3801 = CARTESIAN_POINT('',(29.95,44.136487828081,1.));
#3802 = DIRECTION('',(0.,0.,1.));
#3803 = DIRECTION('',(1.,0.,0.));
#3804 = ORIENTED_EDGE('',*,*,#3790,.F.);
#3805 = ORIENTED_EDGE('',*,*,#1953,.F.);
#3806 = CYLINDRICAL_SURFACE('',#3807,1.5);
#3807 = AXIS2_PLACEMENT_3D('',#3808,#3809,#3810);
#3808 = CARTESIAN_POINT('',(29.95,44.136487828081,0.));
#3809 = DIRECTION('',(-0.,-0.,-1.));
#3810 = DIRECTION('',(1.,0.,0.));
#3811 = ADVANCED_FACE('',(#3812),#3831,.F.);
#3812 = FACE_BOUND('',#3813,.T.);
#3813 = EDGE_LOOP('',(#3814,#3822,#3829,#3830));
#3814 = ORIENTED_EDGE('',*,*,#3815,.T.);
#3815 = EDGE_CURVE('',#1965,#3816,#3818,.T.);
#3816 = VERTEX_POINT('',#3817);
#3817 = CARTESIAN_POINT('',(31.45,70.836487828081,1.));
#3818 = LINE('',#3819,#3820);
#3819 = CARTESIAN_POINT('',(31.45,70.836487828081,0.));
#3820 = VECTOR('',#3821,1.);
#3821 = DIRECTION('',(0.,0.,1.));
#3822 = ORIENTED_EDGE('',*,*,#3823,.T.);
#3823 = EDGE_CURVE('',#3816,#3816,#3824,.T.);
#3824 = CIRCLE('',#3825,1.5);
#3825 = AXIS2_PLACEMENT_3D('',#3826,#3827,#3828);
#3826 = CARTESIAN_POINT('',(29.95,70.836487828081,1.));
#3827 = DIRECTION('',(0.,0.,1.));
#3828 = DIRECTION('',(1.,0.,0.));
#3829 = ORIENTED_EDGE('',*,*,#3815,.F.);
#3830 = ORIENTED_EDGE('',*,*,#1964,.F.);
#3831 = CYLINDRICAL_SURFACE('',#3832,1.5);
#3832 = AXIS2_PLACEMENT_3D('',#3833,#3834,#3835);
#3833 = CARTESIAN_POINT('',(29.95,70.836487828081,0.));
#3834 = DIRECTION('',(-0.,-0.,-1.));
#3835 = DIRECTION('',(1.,0.,0.));
#3836 = ADVANCED_FACE('',(#3837),#3856,.F.);
#3837 = FACE_BOUND('',#3838,.T.);
#3838 = EDGE_LOOP('',(#3839,#3847,#3854,#3855));
#3839 = ORIENTED_EDGE('',*,*,#3840,.T.);
#3840 = EDGE_CURVE('',#1976,#3841,#3843,.T.);
#3841 = VERTEX_POINT('',#3842);
#3842 = CARTESIAN_POINT('',(156.75,76.486487828081,1.));
#3843 = LINE('',#3844,#3845);
#3844 = CARTESIAN_POINT('',(156.75,76.486487828081,0.));
#3845 = VECTOR('',#3846,1.);
#3846 = DIRECTION('',(0.,0.,1.));
#3847 = ORIENTED_EDGE('',*,*,#3848,.T.);
#3848 = EDGE_CURVE('',#3841,#3841,#3849,.T.);
#3849 = CIRCLE('',#3850,1.5);
#3850 = AXIS2_PLACEMENT_3D('',#3851,#3852,#3853);
#3851 = CARTESIAN_POINT('',(155.25,76.486487828081,1.));
#3852 = DIRECTION('',(0.,0.,1.));
#3853 = DIRECTION('',(1.,0.,0.));
#3854 = ORIENTED_EDGE('',*,*,#3840,.F.);
#3855 = ORIENTED_EDGE('',*,*,#1975,.F.);
#3856 = CYLINDRICAL_SURFACE('',#3857,1.5);
#3857 = AXIS2_PLACEMENT_3D('',#3858,#3859,#3860);
#3858 = CARTESIAN_POINT('',(155.25,76.486487828081,0.));
#3859 = DIRECTION('',(-0.,-0.,-1.));
#3860 = DIRECTION('',(1.,0.,0.));
#3861 = ADVANCED_FACE('',(#3862),#3873,.F.);
#3862 = FACE_BOUND('',#3863,.F.);
#3863 = EDGE_LOOP('',(#3864,#3865,#3866,#3867));
#3864 = ORIENTED_EDGE('',*,*,#2019,.T.);
#3865 = ORIENTED_EDGE('',*,*,#2050,.T.);
#3866 = ORIENTED_EDGE('',*,*,#2601,.F.);
#3867 = ORIENTED_EDGE('',*,*,#3868,.F.);
#3868 = EDGE_CURVE('',#1695,#2594,#3869,.T.);
#3869 = LINE('',#3870,#3871);
#3870 = CARTESIAN_POINT('',(173.25,94.486487828081,0.));
#3871 = VECTOR('',#3872,1.);
#3872 = DIRECTION('',(0.,0.,1.));
#3873 = PLANE('',#3874);
#3874 = AXIS2_PLACEMENT_3D('',#3875,#3876,#3877);
#3875 = CARTESIAN_POINT('',(173.25,94.486487828081,2.));
#3876 = DIRECTION('',(-0.,-1.,-0.));
#3877 = DIRECTION('',(0.,0.,-1.));
#3878 = ADVANCED_FACE('',(#3879),#3891,.T.);
#3879 = FACE_BOUND('',#3880,.F.);
#3880 = EDGE_LOOP('',(#3881,#3888,#3889,#3890));
#3881 = ORIENTED_EDGE('',*,*,#3882,.T.);
#3882 = EDGE_CURVE('',#2594,#2035,#3883,.T.);
#3883 = CIRCLE('',#3884,1.);
#3884 = AXIS2_PLACEMENT_3D('',#3885,#3886,#3887);
#3885 = CARTESIAN_POINT('',(173.25,94.486487828081,2.));
#3886 = DIRECTION('',(1.,-0.,0.));
#3887 = DIRECTION('',(0.,0.,-1.));
#3888 = ORIENTED_EDGE('',*,*,#2042,.T.);
#3889 = ORIENTED_EDGE('',*,*,#2866,.F.);
#3890 = ORIENTED_EDGE('',*,*,#3868,.T.);
#3891 = PLANE('',#3892);
#3892 = AXIS2_PLACEMENT_3D('',#3893,#3894,#3895);
#3893 = CARTESIAN_POINT('',(173.25,94.486487828081,2.));
#3894 = DIRECTION('',(1.,0.,0.));
#3895 = DIRECTION('',(-0.,-0.,-1.));
#3896 = ADVANCED_FACE('',(#3897,#3908,#3919),#3930,.T.);
#3897 = FACE_BOUND('',#3898,.T.);
#3898 = EDGE_LOOP('',(#3899,#3900,#3901,#3907));
#3899 = ORIENTED_EDGE('',*,*,#2577,.T.);
#3900 = ORIENTED_EDGE('',*,*,#2199,.T.);
#3901 = ORIENTED_EDGE('',*,*,#3902,.T.);
#3902 = EDGE_CURVE('',#2192,#2111,#3903,.T.);
#3903 = LINE('',#3904,#3905);
#3904 = CARTESIAN_POINT('',(158.25,-76.48648782808,51.));
#3905 = VECTOR('',#3906,1.);
#3906 = DIRECTION('',(0.,1.,0.));
#3907 = ORIENTED_EDGE('',*,*,#2110,.T.);
#3908 = FACE_BOUND('',#3909,.T.);
#3909 = EDGE_LOOP('',(#3910));
#3910 = ORIENTED_EDGE('',*,*,#3911,.F.);
#3911 = EDGE_CURVE('',#3912,#3912,#3914,.T.);
#3912 = VERTEX_POINT('',#3913);
#3913 = CARTESIAN_POINT('',(169.25,63.,51.));
#3914 = CIRCLE('',#3915,2.5);
#3915 = AXIS2_PLACEMENT_3D('',#3916,#3917,#3918);
#3916 = CARTESIAN_POINT('',(166.75,63.,51.));
#3917 = DIRECTION('',(0.,0.,-1.));
#3918 = DIRECTION('',(1.,0.,0.));
#3919 = FACE_BOUND('',#3920,.T.);
#3920 = EDGE_LOOP('',(#3921));
#3921 = ORIENTED_EDGE('',*,*,#3922,.F.);
#3922 = EDGE_CURVE('',#3923,#3923,#3925,.T.);
#3923 = VERTEX_POINT('',#3924);
#3924 = CARTESIAN_POINT('',(169.25,-63.,51.));
#3925 = CIRCLE('',#3926,2.5);
#3926 = AXIS2_PLACEMENT_3D('',#3927,#3928,#3929);
#3927 = CARTESIAN_POINT('',(166.75,-63.,51.));
#3928 = DIRECTION('',(0.,0.,-1.));
#3929 = DIRECTION('',(1.,0.,0.));
#3930 = PLANE('',#3931);
#3931 = AXIS2_PLACEMENT_3D('',#3932,#3933,#3934);
#3932 = CARTESIAN_POINT('',(165.75,-6.768162395023E-16,51.));
#3933 = DIRECTION('',(-1.110223024625E-16,-0.,-1.));
#3934 = DIRECTION('',(1.,0.,-1.110223024625E-16));
#3935 = ADVANCED_FACE('',(#3936),#3947,.T.);
#3936 = FACE_BOUND('',#3937,.T.);
#3937 = EDGE_LOOP('',(#3938,#3939,#3945,#3946));
#3938 = ORIENTED_EDGE('',*,*,#2191,.T.);
#3939 = ORIENTED_EDGE('',*,*,#3940,.T.);
#3940 = EDGE_CURVE('',#2184,#2119,#3941,.T.);
#3941 = LINE('',#3942,#3943);
#3942 = CARTESIAN_POINT('',(158.25,-76.48648782808,52.));
#3943 = VECTOR('',#3944,1.);
#3944 = DIRECTION('',(0.,1.,0.));
#3945 = ORIENTED_EDGE('',*,*,#2118,.F.);
#3946 = ORIENTED_EDGE('',*,*,#3902,.F.);
#3947 = PLANE('',#3948);
#3948 = AXIS2_PLACEMENT_3D('',#3949,#3950,#3951);
#3949 = CARTESIAN_POINT('',(158.25,-76.48648782808,51.));
#3950 = DIRECTION('',(-1.,0.,1.110223024625E-16));
#3951 = DIRECTION('',(0.,1.,0.));
#3952 = ADVANCED_FACE('',(#3953,#3959,#3970),#3981,.F.);
#3953 = FACE_BOUND('',#3954,.F.);
#3954 = EDGE_LOOP('',(#3955,#3956,#3957,#3958));
#3955 = ORIENTED_EDGE('',*,*,#2159,.F.);
#3956 = ORIENTED_EDGE('',*,*,#2183,.T.);
#3957 = ORIENTED_EDGE('',*,*,#3940,.T.);
#3958 = ORIENTED_EDGE('',*,*,#2126,.T.);
#3959 = FACE_BOUND('',#3960,.F.);
#3960 = EDGE_LOOP('',(#3961));
#3961 = ORIENTED_EDGE('',*,*,#3962,.T.);
#3962 = EDGE_CURVE('',#3963,#3963,#3965,.T.);
#3963 = VERTEX_POINT('',#3964);
#3964 = CARTESIAN_POINT('',(169.25,63.,52.));
#3965 = CIRCLE('',#3966,2.5);
#3966 = AXIS2_PLACEMENT_3D('',#3967,#3968,#3969);
#3967 = CARTESIAN_POINT('',(166.75,63.,52.));
#3968 = DIRECTION('',(0.,0.,1.));
#3969 = DIRECTION('',(1.,0.,0.));
#3970 = FACE_BOUND('',#3971,.F.);
#3971 = EDGE_LOOP('',(#3972));
#3972 = ORIENTED_EDGE('',*,*,#3973,.T.);
#3973 = EDGE_CURVE('',#3974,#3974,#3976,.T.);
#3974 = VERTEX_POINT('',#3975);
#3975 = CARTESIAN_POINT('',(169.25,-63.,52.));
#3976 = CIRCLE('',#3977,2.5);
#3977 = AXIS2_PLACEMENT_3D('',#3978,#3979,#3980);
#3978 = CARTESIAN_POINT('',(166.75,-63.,52.));
#3979 = DIRECTION('',(0.,0.,1.));
#3980 = DIRECTION('',(1.,0.,0.));
#3981 = PLANE('',#3982);
#3982 = AXIS2_PLACEMENT_3D('',#3983,#3984,#3985);
#3983 = CARTESIAN_POINT('',(165.75,-6.768162395023E-16,52.));
#3984 = DIRECTION('',(-1.110223024625E-16,-0.,-1.));
#3985 = DIRECTION('',(1.,0.,-1.110223024625E-16));
#3986 = ADVANCED_FACE('',(#3987),#3998,.F.);
#3987 = FACE_BOUND('',#3988,.F.);
#3988 = EDGE_LOOP('',(#3989,#3990,#3991,#3992));
#3989 = ORIENTED_EDGE('',*,*,#2626,.T.);
#3990 = ORIENTED_EDGE('',*,*,#2338,.T.);
#3991 = ORIENTED_EDGE('',*,*,#3882,.F.);
#3992 = ORIENTED_EDGE('',*,*,#3993,.F.);
#3993 = EDGE_CURVE('',#2514,#2594,#3994,.T.);
#3994 = LINE('',#3995,#3996);
#3995 = CARTESIAN_POINT('',(-177.25,94.486487828081,1.));
#3996 = VECTOR('',#3997,1.);
#3997 = DIRECTION('',(1.,0.,0.));
#3998 = CYLINDRICAL_SURFACE('',#3999,1.);
#3999 = AXIS2_PLACEMENT_3D('',#4000,#4001,#4002);
#4000 = CARTESIAN_POINT('',(-173.25,94.486487828081,2.));
#4001 = DIRECTION('',(1.,0.,0.));
#4002 = DIRECTION('',(0.,0.,-1.));
#4003 = ADVANCED_FACE('',(#4004,#4010,#4013,#4016,#4019,#4025,#4031,
    #4034,#4040,#4046,#4080,#4083,#4086,#4089,#4092,#4095,#4098,#4101),
  #4104,.T.);
#4004 = FACE_BOUND('',#4005,.T.);
#4005 = EDGE_LOOP('',(#4006,#4007,#4008,#4009));
#4006 = ORIENTED_EDGE('',*,*,#2593,.F.);
#4007 = ORIENTED_EDGE('',*,*,#3993,.F.);
#4008 = ORIENTED_EDGE('',*,*,#2513,.F.);
#4009 = ORIENTED_EDGE('',*,*,#3159,.F.);
#4010 = FACE_BOUND('',#4011,.T.);
#4011 = EDGE_LOOP('',(#4012));
#4012 = ORIENTED_EDGE('',*,*,#3181,.F.);
#4013 = FACE_BOUND('',#4014,.T.);
#4014 = EDGE_LOOP('',(#4015));
#4015 = ORIENTED_EDGE('',*,*,#3206,.F.);
#4016 = FACE_BOUND('',#4017,.T.);
#4017 = EDGE_LOOP('',(#4018));
#4018 = ORIENTED_EDGE('',*,*,#3231,.F.);
#4019 = FACE_BOUND('',#4020,.T.);
#4020 = EDGE_LOOP('',(#4021,#4022,#4023,#4024));
#4021 = ORIENTED_EDGE('',*,*,#3256,.F.);
#4022 = ORIENTED_EDGE('',*,*,#3281,.T.);
#4023 = ORIENTED_EDGE('',*,*,#3329,.F.);
#4024 = ORIENTED_EDGE('',*,*,#3305,.F.);
#4025 = FACE_BOUND('',#4026,.T.);
#4026 = EDGE_LOOP('',(#4027,#4028,#4029,#4030));
#4027 = ORIENTED_EDGE('',*,*,#3354,.F.);
#4028 = ORIENTED_EDGE('',*,*,#3379,.T.);
#4029 = ORIENTED_EDGE('',*,*,#3427,.F.);
#4030 = ORIENTED_EDGE('',*,*,#3403,.F.);
#4031 = FACE_BOUND('',#4032,.T.);
#4032 = EDGE_LOOP('',(#4033));
#4033 = ORIENTED_EDGE('',*,*,#3452,.F.);
#4034 = FACE_BOUND('',#4035,.T.);
#4035 = EDGE_LOOP('',(#4036,#4037,#4038,#4039));
#4036 = ORIENTED_EDGE('',*,*,#3477,.F.);
#4037 = ORIENTED_EDGE('',*,*,#3502,.T.);
#4038 = ORIENTED_EDGE('',*,*,#3550,.F.);
#4039 = ORIENTED_EDGE('',*,*,#3526,.F.);
#4040 = FACE_BOUND('',#4041,.T.);
#4041 = EDGE_LOOP('',(#4042,#4043,#4044,#4045));
#4042 = ORIENTED_EDGE('',*,*,#3575,.F.);
#4043 = ORIENTED_EDGE('',*,*,#3600,.T.);
#4044 = ORIENTED_EDGE('',*,*,#3648,.F.);
#4045 = ORIENTED_EDGE('',*,*,#3624,.F.);
#4046 = FACE_BOUND('',#4047,.T.);
#4047 = EDGE_LOOP('',(#4048,#4058,#4066,#4074));
#4048 = ORIENTED_EDGE('',*,*,#4049,.F.);
#4049 = EDGE_CURVE('',#4050,#4052,#4054,.T.);
#4050 = VERTEX_POINT('',#4051);
#4051 = CARTESIAN_POINT('',(-64.25,64.5,1.));
#4052 = VERTEX_POINT('',#4053);
#4053 = CARTESIAN_POINT('',(-64.25,-64.5,1.));
#4054 = LINE('',#4055,#4056);
#4055 = CARTESIAN_POINT('',(-64.25,64.5,1.));
#4056 = VECTOR('',#4057,1.);
#4057 = DIRECTION('',(0.,-1.,0.));
#4058 = ORIENTED_EDGE('',*,*,#4059,.F.);
#4059 = EDGE_CURVE('',#4060,#4050,#4062,.T.);
#4060 = VERTEX_POINT('',#4061);
#4061 = CARTESIAN_POINT('',(-63.25,64.5,1.));
#4062 = LINE('',#4063,#4064);
#4063 = CARTESIAN_POINT('',(-63.25,64.5,1.));
#4064 = VECTOR('',#4065,1.);
#4065 = DIRECTION('',(-1.,0.,0.));
#4066 = ORIENTED_EDGE('',*,*,#4067,.F.);
#4067 = EDGE_CURVE('',#4068,#4060,#4070,.T.);
#4068 = VERTEX_POINT('',#4069);
#4069 = CARTESIAN_POINT('',(-63.25,-64.5,1.));
#4070 = LINE('',#4071,#4072);
#4071 = CARTESIAN_POINT('',(-63.25,-64.5,1.));
#4072 = VECTOR('',#4073,1.);
#4073 = DIRECTION('',(0.,1.,0.));
#4074 = ORIENTED_EDGE('',*,*,#4075,.F.);
#4075 = EDGE_CURVE('',#4052,#4068,#4076,.T.);
#4076 = LINE('',#4077,#4078);
#4077 = CARTESIAN_POINT('',(-64.25,-64.5,1.));
#4078 = VECTOR('',#4079,1.);
#4079 = DIRECTION('',(1.,0.,0.));
#4080 = FACE_BOUND('',#4081,.T.);
#4081 = EDGE_LOOP('',(#4082));
#4082 = ORIENTED_EDGE('',*,*,#3673,.F.);
#4083 = FACE_BOUND('',#4084,.T.);
#4084 = EDGE_LOOP('',(#4085));
#4085 = ORIENTED_EDGE('',*,*,#3698,.F.);
#4086 = FACE_BOUND('',#4087,.T.);
#4087 = EDGE_LOOP('',(#4088));
#4088 = ORIENTED_EDGE('',*,*,#3723,.F.);
#4089 = FACE_BOUND('',#4090,.T.);
#4090 = EDGE_LOOP('',(#4091));
#4091 = ORIENTED_EDGE('',*,*,#3748,.F.);
#4092 = FACE_BOUND('',#4093,.T.);
#4093 = EDGE_LOOP('',(#4094));
#4094 = ORIENTED_EDGE('',*,*,#3773,.F.);
#4095 = FACE_BOUND('',#4096,.T.);
#4096 = EDGE_LOOP('',(#4097));
#4097 = ORIENTED_EDGE('',*,*,#3798,.F.);
#4098 = FACE_BOUND('',#4099,.T.);
#4099 = EDGE_LOOP('',(#4100));
#4100 = ORIENTED_EDGE('',*,*,#3823,.F.);
#4101 = FACE_BOUND('',#4102,.T.);
#4102 = EDGE_LOOP('',(#4103));
#4103 = ORIENTED_EDGE('',*,*,#3848,.F.);
#4104 = PLANE('',#4105);
#4105 = AXIS2_PLACEMENT_3D('',#4106,#4107,#4108);
#4106 = CARTESIAN_POINT('',(4.640352940623,-2.31541634285,1.));
#4107 = DIRECTION('',(0.,0.,1.));
#4108 = DIRECTION('',(1.,0.,0.));
#4109 = ADVANCED_FACE('',(#4110),#4121,.F.);
#4110 = FACE_BOUND('',#4111,.T.);
#4111 = EDGE_LOOP('',(#4112,#4118,#4119,#4120));
#4112 = ORIENTED_EDGE('',*,*,#4113,.F.);
#4113 = EDGE_CURVE('',#2722,#2671,#4114,.T.);
#4114 = LINE('',#4115,#4116);
#4115 = CARTESIAN_POINT('',(-164.25,63.,52.));
#4116 = VECTOR('',#4117,1.);
#4117 = DIRECTION('',(-5.329070518201E-17,0.,-1.));
#4118 = ORIENTED_EDGE('',*,*,#2721,.T.);
#4119 = ORIENTED_EDGE('',*,*,#4113,.T.);
#4120 = ORIENTED_EDGE('',*,*,#2670,.T.);
#4121 = CYLINDRICAL_SURFACE('',#4122,2.5);
#4122 = AXIS2_PLACEMENT_3D('',#4123,#4124,#4125);
#4123 = CARTESIAN_POINT('',(-166.75,63.,52.));
#4124 = DIRECTION('',(-0.,-0.,-1.));
#4125 = DIRECTION('',(1.,0.,0.));
#4126 = ADVANCED_FACE('',(#4127),#4138,.F.);
#4127 = FACE_BOUND('',#4128,.T.);
#4128 = EDGE_LOOP('',(#4129,#4135,#4136,#4137));
#4129 = ORIENTED_EDGE('',*,*,#4130,.F.);
#4130 = EDGE_CURVE('',#2733,#2682,#4131,.T.);
#4131 = LINE('',#4132,#4133);
#4132 = CARTESIAN_POINT('',(-164.25,-63.,52.));
#4133 = VECTOR('',#4134,1.);
#4134 = DIRECTION('',(-5.329070518201E-17,0.,-1.));
#4135 = ORIENTED_EDGE('',*,*,#2732,.T.);
#4136 = ORIENTED_EDGE('',*,*,#4130,.T.);
#4137 = ORIENTED_EDGE('',*,*,#2681,.T.);
#4138 = CYLINDRICAL_SURFACE('',#4139,2.5);
#4139 = AXIS2_PLACEMENT_3D('',#4140,#4141,#4142);
#4140 = CARTESIAN_POINT('',(-166.75,-63.,52.));
#4141 = DIRECTION('',(-0.,-0.,-1.));
#4142 = DIRECTION('',(1.,0.,0.));
#4143 = ADVANCED_FACE('',(#4144),#4155,.F.);
#4144 = FACE_BOUND('',#4145,.T.);
#4145 = EDGE_LOOP('',(#4146,#4152,#4153,#4154));
#4146 = ORIENTED_EDGE('',*,*,#4147,.F.);
#4147 = EDGE_CURVE('',#3963,#3912,#4148,.T.);
#4148 = LINE('',#4149,#4150);
#4149 = CARTESIAN_POINT('',(169.25,63.,52.));
#4150 = VECTOR('',#4151,1.);
#4151 = DIRECTION('',(-5.329070518201E-17,0.,-1.));
#4152 = ORIENTED_EDGE('',*,*,#3962,.T.);
#4153 = ORIENTED_EDGE('',*,*,#4147,.T.);
#4154 = ORIENTED_EDGE('',*,*,#3911,.T.);
#4155 = CYLINDRICAL_SURFACE('',#4156,2.5);
#4156 = AXIS2_PLACEMENT_3D('',#4157,#4158,#4159);
#4157 = CARTESIAN_POINT('',(166.75,63.,52.));
#4158 = DIRECTION('',(-0.,-0.,-1.));
#4159 = DIRECTION('',(1.,0.,0.));
#4160 = ADVANCED_FACE('',(#4161),#4172,.F.);
#4161 = FACE_BOUND('',#4162,.T.);
#4162 = EDGE_LOOP('',(#4163,#4169,#4170,#4171));
#4163 = ORIENTED_EDGE('',*,*,#4164,.F.);
#4164 = EDGE_CURVE('',#3974,#3923,#4165,.T.);
#4165 = LINE('',#4166,#4167);
#4166 = CARTESIAN_POINT('',(169.25,-63.,52.));
#4167 = VECTOR('',#4168,1.);
#4168 = DIRECTION('',(-5.329070518201E-17,0.,-1.));
#4169 = ORIENTED_EDGE('',*,*,#3973,.T.);
#4170 = ORIENTED_EDGE('',*,*,#4164,.T.);
#4171 = ORIENTED_EDGE('',*,*,#3922,.T.);
#4172 = CYLINDRICAL_SURFACE('',#4173,2.5);
#4173 = AXIS2_PLACEMENT_3D('',#4174,#4175,#4176);
#4174 = CARTESIAN_POINT('',(166.75,-63.,52.));
#4175 = DIRECTION('',(-0.,-0.,-1.));
#4176 = DIRECTION('',(1.,0.,0.));
#4177 = ADVANCED_FACE('',(#4178,#4203,#4214,#4225),#4236,.F.);
#4178 = FACE_BOUND('',#4179,.F.);
#4179 = EDGE_LOOP('',(#4180,#4188,#4196,#4202));
#4180 = ORIENTED_EDGE('',*,*,#4181,.T.);
#4181 = EDGE_CURVE('',#4050,#4182,#4184,.T.);
#4182 = VERTEX_POINT('',#4183);
#4183 = CARTESIAN_POINT('',(-64.25,64.5,46.));
#4184 = LINE('',#4185,#4186);
#4185 = CARTESIAN_POINT('',(-64.25,64.5,1.));
#4186 = VECTOR('',#4187,1.);
#4187 = DIRECTION('',(0.,0.,1.));
#4188 = ORIENTED_EDGE('',*,*,#4189,.T.);
#4189 = EDGE_CURVE('',#4182,#4190,#4192,.T.);
#4190 = VERTEX_POINT('',#4191);
#4191 = CARTESIAN_POINT('',(-64.25,-64.5,46.));
#4192 = LINE('',#4193,#4194);
#4193 = CARTESIAN_POINT('',(-64.25,64.5,46.));
#4194 = VECTOR('',#4195,1.);
#4195 = DIRECTION('',(0.,-1.,0.));
#4196 = ORIENTED_EDGE('',*,*,#4197,.F.);
#4197 = EDGE_CURVE('',#4052,#4190,#4198,.T.);
#4198 = LINE('',#4199,#4200);
#4199 = CARTESIAN_POINT('',(-64.25,-64.5,1.));
#4200 = VECTOR('',#4201,1.);
#4201 = DIRECTION('',(0.,0.,1.));
#4202 = ORIENTED_EDGE('',*,*,#4049,.F.);
#4203 = FACE_BOUND('',#4204,.F.);
#4204 = EDGE_LOOP('',(#4205));
#4205 = ORIENTED_EDGE('',*,*,#4206,.T.);
#4206 = EDGE_CURVE('',#4207,#4207,#4209,.T.);
#4207 = VERTEX_POINT('',#4208);
#4208 = CARTESIAN_POINT('',(-64.25,44.5,26.5));
#4209 = CIRCLE('',#4210,1.5);
#4210 = AXIS2_PLACEMENT_3D('',#4211,#4212,#4213);
#4211 = CARTESIAN_POINT('',(-64.25,44.5,25.));
#4212 = DIRECTION('',(-1.,0.,0.));
#4213 = DIRECTION('',(0.,0.,1.));
#4214 = FACE_BOUND('',#4215,.F.);
#4215 = EDGE_LOOP('',(#4216));
#4216 = ORIENTED_EDGE('',*,*,#4217,.T.);
#4217 = EDGE_CURVE('',#4218,#4218,#4220,.T.);
#4218 = VERTEX_POINT('',#4219);
#4219 = CARTESIAN_POINT('',(-64.25,44.5,8.5));
#4220 = CIRCLE('',#4221,1.5);
#4221 = AXIS2_PLACEMENT_3D('',#4222,#4223,#4224);
#4222 = CARTESIAN_POINT('',(-64.25,44.5,7.));
#4223 = DIRECTION('',(-1.,0.,0.));
#4224 = DIRECTION('',(0.,0.,1.));
#4225 = FACE_BOUND('',#4226,.F.);
#4226 = EDGE_LOOP('',(#4227));
#4227 = ORIENTED_EDGE('',*,*,#4228,.T.);
#4228 = EDGE_CURVE('',#4229,#4229,#4231,.T.);
#4229 = VERTEX_POINT('',#4230);
#4230 = CARTESIAN_POINT('',(-64.25,-32.5,17.5));
#4231 = CIRCLE('',#4232,1.5);
#4232 = AXIS2_PLACEMENT_3D('',#4233,#4234,#4235);
#4233 = CARTESIAN_POINT('',(-64.25,-32.5,16.));
#4234 = DIRECTION('',(-1.,0.,0.));
#4235 = DIRECTION('',(0.,0.,1.));
#4236 = PLANE('',#4237);
#4237 = AXIS2_PLACEMENT_3D('',#4238,#4239,#4240);
#4238 = CARTESIAN_POINT('',(-64.25,64.5,1.));
#4239 = DIRECTION('',(1.,0.,0.));
#4240 = DIRECTION('',(0.,-1.,0.));
#4241 = ADVANCED_FACE('',(#4242),#4260,.F.);
#4242 = FACE_BOUND('',#4243,.F.);
#4243 = EDGE_LOOP('',(#4244,#4245,#4253,#4259));
#4244 = ORIENTED_EDGE('',*,*,#4197,.T.);
#4245 = ORIENTED_EDGE('',*,*,#4246,.T.);
#4246 = EDGE_CURVE('',#4190,#4247,#4249,.T.);
#4247 = VERTEX_POINT('',#4248);
#4248 = CARTESIAN_POINT('',(-63.25,-64.5,46.));
#4249 = LINE('',#4250,#4251);
#4250 = CARTESIAN_POINT('',(-64.25,-64.5,46.));
#4251 = VECTOR('',#4252,1.);
#4252 = DIRECTION('',(1.,0.,0.));
#4253 = ORIENTED_EDGE('',*,*,#4254,.F.);
#4254 = EDGE_CURVE('',#4068,#4247,#4255,.T.);
#4255 = LINE('',#4256,#4257);
#4256 = CARTESIAN_POINT('',(-63.25,-64.5,1.));
#4257 = VECTOR('',#4258,1.);
#4258 = DIRECTION('',(0.,0.,1.));
#4259 = ORIENTED_EDGE('',*,*,#4075,.F.);
#4260 = PLANE('',#4261);
#4261 = AXIS2_PLACEMENT_3D('',#4262,#4263,#4264);
#4262 = CARTESIAN_POINT('',(-64.25,-64.5,1.));
#4263 = DIRECTION('',(0.,1.,0.));
#4264 = DIRECTION('',(1.,0.,0.));
#4265 = ADVANCED_FACE('',(#4266,#4284,#4295,#4306),#4317,.F.);
#4266 = FACE_BOUND('',#4267,.F.);
#4267 = EDGE_LOOP('',(#4268,#4269,#4277,#4283));
#4268 = ORIENTED_EDGE('',*,*,#4254,.T.);
#4269 = ORIENTED_EDGE('',*,*,#4270,.T.);
#4270 = EDGE_CURVE('',#4247,#4271,#4273,.T.);
#4271 = VERTEX_POINT('',#4272);
#4272 = CARTESIAN_POINT('',(-63.25,64.5,46.));
#4273 = LINE('',#4274,#4275);
#4274 = CARTESIAN_POINT('',(-63.25,-64.5,46.));
#4275 = VECTOR('',#4276,1.);
#4276 = DIRECTION('',(0.,1.,0.));
#4277 = ORIENTED_EDGE('',*,*,#4278,.F.);
#4278 = EDGE_CURVE('',#4060,#4271,#4279,.T.);
#4279 = LINE('',#4280,#4281);
#4280 = CARTESIAN_POINT('',(-63.25,64.5,1.));
#4281 = VECTOR('',#4282,1.);
#4282 = DIRECTION('',(0.,0.,1.));
#4283 = ORIENTED_EDGE('',*,*,#4067,.F.);
#4284 = FACE_BOUND('',#4285,.F.);
#4285 = EDGE_LOOP('',(#4286));
#4286 = ORIENTED_EDGE('',*,*,#4287,.T.);
#4287 = EDGE_CURVE('',#4288,#4288,#4290,.T.);
#4288 = VERTEX_POINT('',#4289);
#4289 = CARTESIAN_POINT('',(-63.25,44.5,26.5));
#4290 = CIRCLE('',#4291,1.5);
#4291 = AXIS2_PLACEMENT_3D('',#4292,#4293,#4294);
#4292 = CARTESIAN_POINT('',(-63.25,44.5,25.));
#4293 = DIRECTION('',(1.,0.,-0.));
#4294 = DIRECTION('',(0.,0.,1.));
#4295 = FACE_BOUND('',#4296,.F.);
#4296 = EDGE_LOOP('',(#4297));
#4297 = ORIENTED_EDGE('',*,*,#4298,.T.);
#4298 = EDGE_CURVE('',#4299,#4299,#4301,.T.);
#4299 = VERTEX_POINT('',#4300);
#4300 = CARTESIAN_POINT('',(-63.25,-32.5,17.5));
#4301 = CIRCLE('',#4302,1.5);
#4302 = AXIS2_PLACEMENT_3D('',#4303,#4304,#4305);
#4303 = CARTESIAN_POINT('',(-63.25,-32.5,16.));
#4304 = DIRECTION('',(1.,0.,-0.));
#4305 = DIRECTION('',(0.,0.,1.));
#4306 = FACE_BOUND('',#4307,.F.);
#4307 = EDGE_LOOP('',(#4308));
#4308 = ORIENTED_EDGE('',*,*,#4309,.T.);
#4309 = EDGE_CURVE('',#4310,#4310,#4312,.T.);
#4310 = VERTEX_POINT('',#4311);
#4311 = CARTESIAN_POINT('',(-63.25,44.5,8.5));
#4312 = CIRCLE('',#4313,1.5);
#4313 = AXIS2_PLACEMENT_3D('',#4314,#4315,#4316);
#4314 = CARTESIAN_POINT('',(-63.25,44.5,7.));
#4315 = DIRECTION('',(1.,0.,-0.));
#4316 = DIRECTION('',(0.,0.,1.));
#4317 = PLANE('',#4318);
#4318 = AXIS2_PLACEMENT_3D('',#4319,#4320,#4321);
#4319 = CARTESIAN_POINT('',(-63.25,-64.5,1.));
#4320 = DIRECTION('',(-1.,0.,0.));
#4321 = DIRECTION('',(0.,1.,0.));
#4322 = ADVANCED_FACE('',(#4323),#4334,.F.);
#4323 = FACE_BOUND('',#4324,.F.);
#4324 = EDGE_LOOP('',(#4325,#4326,#4332,#4333));
#4325 = ORIENTED_EDGE('',*,*,#4278,.T.);
#4326 = ORIENTED_EDGE('',*,*,#4327,.T.);
#4327 = EDGE_CURVE('',#4271,#4182,#4328,.T.);
#4328 = LINE('',#4329,#4330);
#4329 = CARTESIAN_POINT('',(-63.25,64.5,46.));
#4330 = VECTOR('',#4331,1.);
#4331 = DIRECTION('',(-1.,0.,0.));
#4332 = ORIENTED_EDGE('',*,*,#4181,.F.);
#4333 = ORIENTED_EDGE('',*,*,#4059,.F.);
#4334 = PLANE('',#4335);
#4335 = AXIS2_PLACEMENT_3D('',#4336,#4337,#4338);
#4336 = CARTESIAN_POINT('',(-63.25,64.5,1.));
#4337 = DIRECTION('',(0.,-1.,0.));
#4338 = DIRECTION('',(-1.,0.,0.));
#4339 = ADVANCED_FACE('',(#4340),#4346,.T.);
#4340 = FACE_BOUND('',#4341,.T.);
#4341 = EDGE_LOOP('',(#4342,#4343,#4344,#4345));
#4342 = ORIENTED_EDGE('',*,*,#4189,.T.);
#4343 = ORIENTED_EDGE('',*,*,#4246,.T.);
#4344 = ORIENTED_EDGE('',*,*,#4270,.T.);
#4345 = ORIENTED_EDGE('',*,*,#4327,.T.);
#4346 = PLANE('',#4347);
#4347 = AXIS2_PLACEMENT_3D('',#4348,#4349,#4350);
#4348 = CARTESIAN_POINT('',(-63.75,1.404688331464E-14,46.));
#4349 = DIRECTION('',(0.,0.,1.));
#4350 = DIRECTION('',(1.,0.,0.));
#4351 = ADVANCED_FACE('',(#4352),#4363,.F.);
#4352 = FACE_BOUND('',#4353,.T.);
#4353 = EDGE_LOOP('',(#4354,#4360,#4361,#4362));
#4354 = ORIENTED_EDGE('',*,*,#4355,.F.);
#4355 = EDGE_CURVE('',#4207,#4288,#4356,.T.);
#4356 = LINE('',#4357,#4358);
#4357 = CARTESIAN_POINT('',(-64.25,44.5,26.5));
#4358 = VECTOR('',#4359,1.);
#4359 = DIRECTION('',(1.,0.,-6.217248937901E-17));
#4360 = ORIENTED_EDGE('',*,*,#4206,.T.);
#4361 = ORIENTED_EDGE('',*,*,#4355,.T.);
#4362 = ORIENTED_EDGE('',*,*,#4287,.T.);
#4363 = CYLINDRICAL_SURFACE('',#4364,1.5);
#4364 = AXIS2_PLACEMENT_3D('',#4365,#4366,#4367);
#4365 = CARTESIAN_POINT('',(-64.25,44.5,25.));
#4366 = DIRECTION('',(1.,0.,0.));
#4367 = DIRECTION('',(0.,0.,1.));
#4368 = ADVANCED_FACE('',(#4369),#4380,.F.);
#4369 = FACE_BOUND('',#4370,.T.);
#4370 = EDGE_LOOP('',(#4371,#4377,#4378,#4379));
#4371 = ORIENTED_EDGE('',*,*,#4372,.F.);
#4372 = EDGE_CURVE('',#4218,#4310,#4373,.T.);
#4373 = LINE('',#4374,#4375);
#4374 = CARTESIAN_POINT('',(-64.25,44.5,8.5));
#4375 = VECTOR('',#4376,1.);
#4376 = DIRECTION('',(1.,0.,-6.217248937901E-17));
#4377 = ORIENTED_EDGE('',*,*,#4217,.T.);
#4378 = ORIENTED_EDGE('',*,*,#4372,.T.);
#4379 = ORIENTED_EDGE('',*,*,#4309,.T.);
#4380 = CYLINDRICAL_SURFACE('',#4381,1.5);
#4381 = AXIS2_PLACEMENT_3D('',#4382,#4383,#4384);
#4382 = CARTESIAN_POINT('',(-64.25,44.5,7.));
#4383 = DIRECTION('',(1.,0.,0.));
#4384 = DIRECTION('',(0.,0.,1.));
#4385 = ADVANCED_FACE('',(#4386),#4397,.F.);
#4386 = FACE_BOUND('',#4387,.T.);
#4387 = EDGE_LOOP('',(#4388,#4394,#4395,#4396));
#4388 = ORIENTED_EDGE('',*,*,#4389,.F.);
#4389 = EDGE_CURVE('',#4229,#4299,#4390,.T.);
#4390 = LINE('',#4391,#4392);
#4391 = CARTESIAN_POINT('',(-64.25,-32.5,17.5));
#4392 = VECTOR('',#4393,1.);
#4393 = DIRECTION('',(1.,0.,-6.217248937901E-17));
#4394 = ORIENTED_EDGE('',*,*,#4228,.T.);
#4395 = ORIENTED_EDGE('',*,*,#4389,.T.);
#4396 = ORIENTED_EDGE('',*,*,#4298,.T.);
#4397 = CYLINDRICAL_SURFACE('',#4398,1.5);
#4398 = AXIS2_PLACEMENT_3D('',#4399,#4400,#4401);
#4399 = CARTESIAN_POINT('',(-64.25,-32.5,16.));
#4400 = DIRECTION('',(1.,0.,0.));
#4401 = DIRECTION('',(0.,0.,1.));
#4402 = ( GEOMETRIC_REPRESENTATION_CONTEXT(3) 
GLOBAL_UNCERTAINTY_ASSIGNED_CONTEXT((#4406)) 
GLOBAL_UNIT_ASSIGNED_CONTEXT((#4403,#4404,#4405)) REPRESENTATION_CONTEXT
('Context #1','3D Context with UNIT and UNCERTAINTY') );
#4403 = ( LENGTH_UNIT() NAMED_UNIT(*) SI_UNIT(.MILLI.,.METRE.) );
#4404 = ( NAMED_UNIT(*) PLANE_ANGLE_UNIT() SI_UNIT($,.RADIAN.) );
#4405 = ( NAMED_UNIT(*) SI_UNIT($,.STERADIAN.) SOLID_ANGLE_UNIT() );
#4406 = UNCERTAINTY_MEASURE_WITH_UNIT(LENGTH_MEASURE(5.E-06),#4403,
  'distance_accuracy_value','confusion accuracy');
#4407 = PRODUCT_RELATED_PRODUCT_CATEGORY('part',$,(#7));
#4408 = MECHANICAL_DESIGN_GEOMETRIC_PRESENTATION_REPRESENTATION('',(
    #4409),#4402);
#4409 = STYLED_ITEM('color',(#4410),#15);
#4410 = PRESENTATION_STYLE_ASSIGNMENT((#4411,#4417));
#4411 = SURFACE_STYLE_USAGE(.BOTH.,#4412);
#4412 = SURFACE_SIDE_STYLE('',(#4413));
#4413 = SURFACE_STYLE_FILL_AREA(#4414);
#4414 = FILL_AREA_STYLE('',(#4415));
#4415 = FILL_AREA_STYLE_COLOUR('',#4416);
#4416 = COLOUR_RGB('',0.800000010877,0.800000010877,0.901960800373);
#4417 = CURVE_STYLE('',#4418,POSITIVE_LENGTH_MEASURE(0.1),#4419);
#4418 = DRAUGHTING_PRE_DEFINED_CURVE_FONT('continuous');
#4419 = COLOUR_RGB('',9.803921802644E-02,9.803921802644E-02,
  9.803921802644E-02);
ENDSEC;
END-ISO-10303-21;
